Workbook

Sheet Cleaning_Practice
A2: Source: deterministic synthetic generator, seed 20261016. No employer or customer data.
A4: application_id | B4: submitted_date | C4: channel | D4: branch_id | E4: requested_amount | F4: missing_docs_at_intake | G4: document_ready_date | H4: review_start_date | I4: decision_date | J4: withdrawal_date | K4: status | L4: Clean channel
A5: LA0001 | B5: 46040 | C5: online | D5: DIGITAL | E5: 16000 | F5: 0 | G5: 46042 | H5: 46046 | I5: 46049 | K5: Approved | L5: =PROPER(TRIM(C5)) -> Online
A6: LA0002 | B6: 46035 | C6: online | D6: DIGITAL | E6: 15000 | F6: 0 | G6: 46037 | H6: 46039 | I6: 46042 | K6: Approved | L6: =PROPER(TRIM(C6)) -> Online
A7: LA0003 | B7: 46103 | C7: online | D7: DIGITAL | E7: 43000 | F7: 0 | G7: 46105 | H7: 46106 | I7: 46109 | K7: Approved | L7: =PROPER(TRIM(C7)) -> Online
A8: LA0004 | B8: 46083 | C8: branch | D8: B04 | E8: 12000 | F8: 0 | G8: 46085 | H8: 46088 | I8: 46091 | K8: Approved | L8: =PROPER(TRIM(C8)) -> Branch
A9: LA0005 | B9: 46078 | C9: online | D9: DIGITAL | E9: 6000 | F9: 0 | G9: 46080 | H9: 46085 | I9: 46086 | K9: Approved | L9: =PROPER(TRIM(C9)) -> Online
A10: LA0006 | B10: 46083 | C10: branch | D10: B03 | E10: 38000 | F10: 0 | G10: 46083 | H10: 46087 | I10: 46089 | K10: Declined | L10: =PROPER(TRIM(C10)) -> Branch
A11: LA0007 | B11: 46092 | C11: branch | D11: B01 | E11: 13000 | F11: 0 | G11: 46093 | H11: 46097 | I11: 46099 | K11: Approved | L11: =PROPER(TRIM(C11)) -> Branch
A12: LA0008 | B12: 46038 | C12: branch | D12: B03 | E12: 43000 | F12: 0 | G12: 46040 | H12: 46043 | I12: 46045 | K12: Approved | L12: =PROPER(TRIM(C12)) -> Branch
A13: LA0009 | B13: 46103 | C13: branch | D13: B01 | E13: 29000 | F13: 1 | G13: 46107 | H13: 46110 | I13: 46111 | K13: Declined | L13: =PROPER(TRIM(C13)) -> Branch
A14: LA0010 | B14: 46110 | C14: online | D14: DIGITAL | E14: 12000 | F14: 0 | G14: 46110 | K14: Open | L14: =PROPER(TRIM(C14)) -> Online
A15: LA0011 | B15: 46046 | C15: branch | D15: B02 | E15: 33000 | F15: 1 | G15: 46056 | H15: 46057 | I15: 46058 | K15: Declined | L15: =PROPER(TRIM(C15)) -> Branch
A16: LA0012 | B16: 46100 | C16: branch | D16: B04 | E16: 30000 | F16: 0 | G16: 46100 | H16: 46104 | I16: 46106 | K16: Declined | L16: =PROPER(TRIM(C16)) -> Branch
A17: LA0013 | B17: 46078 | C17: branch | D17: B03 | E17: 30000 | F17: 0 | G17: 46080 | H17: 46086 | I17: 46087 | K17: Approved | L17: =PROPER(TRIM(C17)) -> Branch
A18: LA0014 | B18: 46074 | C18: online | D18: DIGITAL | E18: 20000 | F18: 0 | G18: 46075 | H18: 46081 | I18: 46082 | K18: Declined | L18: =PROPER(TRIM(C18)) -> Online
A19: LA0015 | B19: 46049 | C19: online | D19: DIGITAL | E19: 18000 | F19: 0 | G19: 46050 | H19: 46051 | I19: 46052 | K19: Approved | L19: =PROPER(TRIM(C19)) -> Online
A20: LA0016 | B20: 46090 | C20: online | D20: DIGITAL | E20: 16000 | F20: 0 | G20: 46092 | H20: 46097 | I20: 46100 | K20: Approved | L20: =PROPER(TRIM(C20)) -> Online
A21: LA0017 | B21: 46078 | C21: online | D21: DIGITAL | E21: 17000 | F21: 0 | G21: 46078 | H21: 46082 | I21: 46083 | K21: Approved | L21: =PROPER(TRIM(C21)) -> Online
A22: LA0018 | B22: 46036 | C22: branch | D22: B03 | E22: 33000 | F22: 0 | G22: 46038 | H22: 46046 | I22: 46049 | K22: Approved | L22: =PROPER(TRIM(C22)) -> Branch
A23: LA0019 | B23: 46031 | C23: Online | D23: DIGITAL | E23: 32000 | F23: 1 | G23: 46039 | H23: 46045 | I23: 46047 | K23: Approved | L23: =PROPER(TRIM(C23)) -> Online
A24: LA0020 | B24: 46093 | C24: Branch | D24: B04 | E24: 5000 | F24: 0 | G24: 46095 | H24: 46097 | I24: 46100 | K24: Approved | L24: =PROPER(TRIM(C24)) -> Branch
A25: LA0021 | B25: 46106 | C25: Branch | D25: B02 | E25: 28000 | F25: 0 | G25: 46107 | H25: 46110 | K25: Open | L25: =PROPER(TRIM(C25)) -> Branch
A26: LA0022 | B26: 46079 | C26: Online | D26: DIGITAL | E26: 44000 | F26: 0 | G26: 46081 | H26: 46083 | I26: 46085 | K26: Declined | L26: =PROPER(TRIM(C26)) -> Online
A27: LA0023 | B27: 46101 | C27: Branch | D27: B04 | E27: 6000 | F27: 0 | G27: 46101 | H27: 46105 | I27: 46108 | K27: Approved | L27: =PROPER(TRIM(C27)) -> Branch
A28: LA0024 | B28: 46072 | C28: Online | D28: DIGITAL | E28: 11000 | F28: 0 | G28: 46073 | H28: 46077 | I28: 46079 | K28: Approved | L28: =PROPER(TRIM(C28)) -> Online
A29: LA0025 | B29: 46069 | C29: Branch | D29: B04 | E29: 29000 | F29: 1 | J29: 46071 | K29: Withdrawn | L29: =PROPER(TRIM(C29)) -> Branch
A30: LA0026 | B30: 46036 | C30: Online | D30: DIGITAL | E30: 46000 | F30: 0 | G30: 46038 | H30: 46039 | I30: 46040 | K30: Approved | L30: =PROPER(TRIM(C30)) -> Online
A31: LA0027 | B31: 46045 | C31: Online | D31: DIGITAL | E31: 12000 | F31: 0 | G31: 46047 | H31: 46053 | I31: 46056 | K31: Declined | L31: =PROPER(TRIM(C31)) -> Online
A32: LA0028 | B32: 46052 | C32: Online | D32: DIGITAL | E32: 27000 | F32: 0 | G32: 46053 | H32: 46055 | I32: 46057 | K32: Declined | L32: =PROPER(TRIM(C32)) -> Online
A33: LA0029 | B33: 46073 | C33: Branch | D33: B01 | E33: 11000 | F33: 1 | G33: 46077 | H33: 46082 | I33: 46085 | K33: Approved | L33: =PROPER(TRIM(C33)) -> Branch
A34: LA0030 | B34: 46073 | C34: Branch | D34: B04 | E34: 31000 | F34: 1 | G34: 46076 | H34: 46080 | I34: 46081 | K34: Approved | L34: =PROPER(TRIM(C34)) -> Branch
A35: LA0031 | B35: 46107 | C35: Online | D35: DIGITAL | E35: 24000 | F35: 0 | G35: 46108 | H35: 46112 | K35: Open | L35: =PROPER(TRIM(C35)) -> Online
A36: LA0032 | B36: 46040 | C36: Online | D36: DIGITAL | E36: 21000 | F36: 0 | G36: 46040 | H36: 46046 | I36: 46049 | K36: Approved | L36: =PROPER(TRIM(C36)) -> Online
A37: LA0033 | B37: 46057 | C37: Online | D37: DIGITAL | E37: 14000 | F37: 0 | G37: 46059 | H37: 46062 | I37: 46065 | K37: Declined | L37: =PROPER(TRIM(C37)) -> Online
A38: LA0034 | B38: 46090 | C38: Online | D38: DIGITAL | E38: 16000 | F38: 0 | G38: 46090 | H38: 46094 | I38: 46097 | K38: Approved | L38: =PROPER(TRIM(C38)) -> Online
A39: LA0035 | B39: 46112 | C39: Online | D39: DIGITAL | E39: 23000 | F39: 0 | G39: 46112 | K39: Open | L39: =PROPER(TRIM(C39)) -> Online
A40: LA0036 | B40: 46093 | C40: Online | D40: DIGITAL | E40: 28000 | F40: 0 | G40: 46094 | H40: 46097 | I40: 46098 | K40: Declined | L40: =PROPER(TRIM(C40)) -> Online
A41: LA0037 | B41: 46043 | C41: Online | D41: DIGITAL | E41: 14000 | F41: 1 | G41: 46051 | H41: 46054 | I41: 46055 | K41: Approved | L41: =PROPER(TRIM(C41)) -> Online
A42: LA0038 | B42: 46030 | C42: Branch | D42: B02 | E42: 35000 | F42: 1 | J42: 46032 | K42: Withdrawn | L42: =PROPER(TRIM(C42)) -> Branch
A43: LA0039 | B43: 46038 | C43: Branch | D43: B03 | E43: 27000 | F43: 0 | G43: 46040 | H43: 46045 | I43: 46047 | K43: Approved | L43: =PROPER(TRIM(C43)) -> Branch
A44: LA0040 | B44: 46054 | C44: Branch | D44: B03 | E44: 31000 | F44: 0 | G44: 46054 | H44: 46060 | I44: 46062 | K44: Declined | L44: =PROPER(TRIM(C44)) -> Branch
A45: LA0041 | B45: 46039 | C45: Online | D45: DIGITAL | E45: 33000 | F45: 0 | G45: 46040 | H45: 46044 | I45: 46047 | K45: Declined | L45: =PROPER(TRIM(C45)) -> Online
A46: LA0042 | B46: 46061 | C46: Branch | D46: B04 | E46: 45000 | F46: 1 | G46: 46068 | H46: 46070 | I46: 46073 | K46: Approved | L46: =PROPER(TRIM(C46)) -> Branch
A47: LA0043 | B47: 46055 | C47: Online | D47: DIGITAL | E47: 31000 | F47: 0 | G47: 46057 | H47: 46063 | I47: 46064 | K47: Approved | L47: =PROPER(TRIM(C47)) -> Online
A48: LA0044 | B48: 46108 | C48: Branch | D48: B03 | E48: 29000 | F48: 0 | G48: 46108 | H48: 46111 | I48: 46112 | K48: Approved | L48: =PROPER(TRIM(C48)) -> Branch
A49: LA0045 | B49: 46056 | C49: Branch | D49: B04 | E49: 19000 | F49: 0 | G49: 46057 | H49: 46062 | I49: 46064 | K49: Approved | L49: =PROPER(TRIM(C49)) -> Branch
A50: LA0046 | B50: 46070 | C50: Online | D50: DIGITAL | E50: 26000 | F50: 0 | G50: 46072 | H50: 46076 | I50: 46077 | K50: Declined | L50: =PROPER(TRIM(C50)) -> Online
A51: LA0047 | B51: 46053 | C51: Branch | D51: B01 | E51: 34000 | F51: 0 | G51: 46054 | H51: 46055 | I51: 46058 | K51: Approved | L51: =PROPER(TRIM(C51)) -> Branch
A52: LA0048 | B52: 46111 | C52: Online | D52: DIGITAL | E52: 17000 | F52: 0 | G52: 46112 | K52: Open | L52: =PROPER(TRIM(C52)) -> Online
A53: LA0049 | B53: 46068 | C53: Online | D53: DIGITAL | E53: 5000 | F53: 0 | G53: 46070 | H53: 46071 | I53: 46073 | K53: Declined | L53: =PROPER(TRIM(C53)) -> Online
A54: LA0050 | B54: 46025 | C54: Online | D54: DIGITAL | E54: 40000 | F54: 0 | G54: 46025 | H54: 46027 | I54: 46028 | K54: Approved | L54: =PROPER(TRIM(C54)) -> Online
A55: LA0051 | B55: 46044 | C55: Online | D55: DIGITAL | E55: 18000 | F55: 0 | G55: 46045 | H55: 46051 | I55: 46052 | K55: Approved | L55: =PROPER(TRIM(C55)) -> Online
A56: LA0052 | B56: 46054 | C56: Online | D56: DIGITAL | E56: 22000 | F56: 0 | G56: 46055 | H56: 46058 | I56: 46059 | K56: Declined | L56: =PROPER(TRIM(C56)) -> Online
A57: LA0053 | B57: 46102 | C57: Online | D57: DIGITAL | E57: 27000 | F57: 0 | G57: 46103 | H57: 46106 | I57: 46108 | K57: Declined | L57: =PROPER(TRIM(C57)) -> Online
A58: LA0054 | B58: 46107 | C58: Online | D58: DIGITAL | E58: 43000 | F58: 1 | G58: 46110 | H58: 46111 | K58: Open | L58: =PROPER(TRIM(C58)) -> Online
A59: LA0055 | B59: 46061 | C59: Online | D59: DIGITAL | E59: 19000 | F59: 1 | G59: 46066 | H59: 46068 | I59: 46071 | K59: Approved | L59: =PROPER(TRIM(C59)) -> Online
A60: LA0056 | B60: 46078 | C60: Branch | D60: B04 | E60: 23000 | F60: 1 | G60: 46083 | H60: 46088 | I60: 46089 | K60: Approved | L60: =PROPER(TRIM(C60)) -> Branch
A61: LA0057 | B61: 46047 | C61: Online | D61: DIGITAL | E61: 49000 | F61: 0 | G61: 46047 | H61: 46053 | I61: 46056 | K61: Approved | L61: =PROPER(TRIM(C61)) -> Online
A62: LA0058 | B62: 46061 | C62: Online | D62: DIGITAL | E62: 39000 | F62: 1 | G62: 46065 | H62: 46068 | I62: 46069 | K62: Approved | L62: =PROPER(TRIM(C62)) -> Online
A63: LA0059 | B63: 46033 | C63: Branch | D63: B01 | E63: 41000 | F63: 1 | G63: 46038 | H63: 46044 | I63: 46046 | K63: Declined | L63: =PROPER(TRIM(C63)) -> Branch
A64: LA0060 | B64: 46097 | C64: Online | D64: DIGITAL | E64: 46000 | F64: 0 | G64: 46098 | H64: 46103 | I64: 46104 | K64: Approved | L64: =PROPER(TRIM(C64)) -> Online
A65: LA0061 | B65: 46039 | C65: Branch | D65: B04 | E65: 23000 | F65: 0 | G65: 46039 | H65: 46044 | I65: 46045 | K65: Approved | L65: =PROPER(TRIM(C65)) -> Branch
A66: LA0062 | B66: 46030 | C66: Branch | D66: B04 | E66: 35000 | F66: 0 | G66: 46031 | H66: 46037 | I66: 46040 | K66: Declined | L66: =PROPER(TRIM(C66)) -> Branch
A67: LA0063 | B67: 46079 | C67: Branch | D67: B04 | E67: 11000 | F67: 0 | G67: 46081 | H67: 46087 | I67: 46089 | K67: Approved | L67: =PROPER(TRIM(C67)) -> Branch
A68: LA0064 | B68: 46027 | C68: Branch | D68: B04 | E68: 24000 | F68: 0 | G68: 46029 | H68: 46030 | I68: 46032 | K68: Declined | L68: =PROPER(TRIM(C68)) -> Branch
A69: LA0065 | B69: 46106 | C69: Online | D69: DIGITAL | E69: 30000 | F69: 0 | G69: 46108 | H69: 46111 | K69: Open | L69: =PROPER(TRIM(C69)) -> Online
A70: LA0066 | B70: 46110 | C70: Online | D70: DIGITAL | E70: 29000 | F70: 0 | G70: 46112 | K70: Open | L70: =PROPER(TRIM(C70)) -> Online
A71: LA0067 | B71: 46108 | C71: Branch | D71: B01 | E71: 35000 | F71: 1 | K71: Open | L71: =PROPER(TRIM(C71)) -> Branch
A72: LA0068 | B72: 46032 | C72: Online | D72: DIGITAL | E72: 47000 | F72: 0 | G72: 46033 | H72: 46035 | I72: 46038 | K72: Declined | L72: =PROPER(TRIM(C72)) -> Online
A73: LA0069 | B73: 46093 | C73: Online | D73: DIGITAL | E73: 20000 | F73: 0 | G73: 46093 | H73: 46099 | I73: 46102 | K73: Approved | L73: =PROPER(TRIM(C73)) -> Online
A74: LA0070 | B74: 46094 | C74: Branch | D74: B03 | E74: 24000 | F74: 1 | G74: 46100 | H74: 46105 | I74: 46108 | K74: Approved | L74: =PROPER(TRIM(C74)) -> Branch
A75: LA0071 | B75: 46090 | C75: Online | D75: DIGITAL | E75: 14000 | F75: 1 | G75: 46093 | H75: 46098 | I75: 46101 | K75: Declined | L75: =PROPER(TRIM(C75)) -> Online
A76: LA0072 | B76: 46028 | C76: Branch | D76: B04 | E76: 7000 | F76: 1 | G76: 46034 | H76: 46036 | I76: 46037 | K76: Approved | L76: =PROPER(TRIM(C76)) -> Branch
A77: LA0073 | B77: 46062 | C77: Branch | D77: B02 | E77: 40000 | F77: 1 | G77: 46065 | H77: 46069 | I77: 46071 | K77: Approved | L77: =PROPER(TRIM(C77)) -> Branch
A78: LA0074 | B78: 46028 | C78: Online | D78: DIGITAL | E78: 7000 | F78: 0 | G78: 46030 | H78: 46035 | I78: 46037 | K78: Approved | L78: =PROPER(TRIM(C78)) -> Online
A79: LA0075 | B79: 46081 | C79: Online | D79: DIGITAL | E79: 23000 | F79: 1 | G79: 46086 | H79: 46088 | I79: 46091 | K79: Declined | L79: =PROPER(TRIM(C79)) -> Online
A80: LA0076 | B80: 46043 | C80: Online | D80: DIGITAL | E80: 33000 | F80: 1 | G80: 46046 | H80: 46051 | I80: 46053 | K80: Approved | L80: =PROPER(TRIM(C80)) -> Online
A81: LA0077 | B81: 46027 | C81: Branch | D81: B04 | E81: 8000 | F81: 1 | G81: 46030 | H81: 46036 | I81: 46038 | K81: Declined | L81: =PROPER(TRIM(C81)) -> Branch
A82: LA0078 | B82: 46031 | C82: Branch | D82: B03 | E82: 6000 | F82: 1 | G82: 46038 | H82: 46043 | I82: 46044 | K82: Approved | L82: =PROPER(TRIM(C82)) -> Branch
A83: LA0079 | B83: 46082 | C83: Branch | D83: B03 | E83: 20000 | F83: 0 | G83: 46084 | H83: 46089 | I83: 46092 | K83: Approved | L83: =PROPER(TRIM(C83)) -> Branch
A84: LA0080 | B84: 46087 | C84: Branch | D84: B01 | E84: 11000 | F84: 0 | G84: 46089 | H84: 46090 | I84: 46091 | K84: Approved | L84: =PROPER(TRIM(C84)) -> Branch
A85: LA0081 | B85: 46112 | C85: Branch | D85: B03 | E85: 42000 | F85: 0 | K85: Open | L85: =PROPER(TRIM(C85)) -> Branch
A86: LA0082 | B86: 46084 | C86: Online | D86: DIGITAL | E86: 41000 | F86: 1 | G86: 46094 | H86: 46097 | I86: 46098 | K86: Approved | L86: =PROPER(TRIM(C86)) -> Online
A87: LA0083 | B87: 46043 | C87: Branch | D87: B03 | E87: 47000 | F87: 0 | G87: 46044 | H87: 46051 | I87: 46053 | K87: Declined | L87: =PROPER(TRIM(C87)) -> Branch
A88: LA0084 | B88: 46073 | C88: Branch | D88: B02 | E88: 28000 | F88: 1 | G88: 46080 | H88: 46085 | I88: 46086 | K88: Declined | L88: =PROPER(TRIM(C88)) -> Branch
A89: LA0085 | B89: 46033 | C89: Branch | D89: B02 | E89: 23000 | F89: 0 | G89: 46034 | H89: 46035 | I89: 46037 | K89: Approved | L89: =PROPER(TRIM(C89)) -> Branch
A90: LA0086 | B90: 46107 | C90: Online | D90: DIGITAL | E90: 6000 | F90: 0 | G90: 46109 | H90: 46111 | I90: 46112 | K90: Approved | L90: =PROPER(TRIM(C90)) -> Online
A91: LA0087 | B91: 46057 | C91: Online | D91: DIGITAL | E91: 5000 | F91: 0 | G91: 46057 | H91: 46063 | I91: 46066 | K91: Declined | L91: =PROPER(TRIM(C91)) -> Online
A92: LA0088 | B92: 46099 | C92: Branch | D92: B02 | E92: 26000 | F92: 0 | G92: 46101 | H92: 46107 | I92: 46110 | K92: Approved | L92: =PROPER(TRIM(C92)) -> Branch
A93: LA0089 | B93: 46088 | C93: Online | D93: DIGITAL | E93: 6000 | F93: 0 | G93: 46088 | H93: 46093 | I93: 46096 | K93: Approved | L93: =PROPER(TRIM(C93)) -> Online
A94: LA0090 | B94: 46112 | C94: Branch | D94: B01 | E94: 19000 | F94: 1 | K94: Open | L94: =PROPER(TRIM(C94)) -> Branch
A95: LA0091 | B95: 46028 | C95: Branch | D95: B01 | E95: 42000 | F95: 1 | G95: 46033 | H95: 46035 | I95: 46037 | K95: Approved | L95: =PROPER(TRIM(C95)) -> Branch
A96: LA0092 | B96: 46078 | C96: Branch | D96: B03 | E96: 49000 | F96: 0 | G96: 46079 | H96: 46086 | I96: 46088 | K96: Declined | L96: =PROPER(TRIM(C96)) -> Branch
A97: LA0093 | B97: 46059 | C97: Branch | D97: B01 | E97: 13000 | F97: 1 | G97: 46064 | H97: 46065 | I97: 46066 | K97: Approved | L97: =PROPER(TRIM(C97)) -> Branch
A98: LA0094 | B98: 46044 | C98: Branch | D98: B04 | E98: 34000 | F98: 0 | G98: 46044 | H98: 46049 | I98: 46050 | K98: Approved | L98: =PROPER(TRIM(C98)) -> Branch
A99: LA0095 | B99: 46079 | C99: Branch | D99: B02 | E99: 37000 | F99: 1 | J99: 46081 | K99: Withdrawn | L99: =PROPER(TRIM(C99)) -> Branch
A100: LA0096 | B100: 46111 | C100: Online | D100: DIGITAL | E100: 17000 | F100: 0 | G100: 46111 | H100: 46112 | K100: Open | L100: =PROPER(TRIM(C100)) -> Online
A101: LA0097 | B101: 46104 | C101: Branch | D101: B03 | E101: 12000 | F101: 0 | G101: 46104 | H101: 46110 | K101: Open | L101: =PROPER(TRIM(C101)) -> Branch
A102: LA0098 | B102: 46037 | C102: Online | D102: DIGITAL | E102: 9000 | F102: 0 | G102: 46038 | H102: 46039 | I102: 46042 | K102: Approved | L102: =PROPER(TRIM(C102)) -> Online
...

Sheet Gap_Analysis
A1: Finding | B1: Current situation | C1: Desired situation | D1: Proposed action
A2: Missing documents | B2: Average decision time: 12.20 days with missing documents versus 6.97 without. | C2: Customers know the required documents and officers identify missing items early. | D2: Add an intake checklist and check completeness before review.
A3: Review queue | B3: Average queue: 3.92 days overall. B03: 5.68 days. | C3: Applications ready for review have clear owners and visible waiting times. | D3: Add a shared queue with assigned owners. Investigate B03 staffing, routing, and workload.
A4: Aging applications | B4: 8 of 61 open applications exceeded 7 days as of March 31, 2026. | C4: Staff can identify applications needing follow up. | D4: Flag open applications older than 7 days and assign a follow up owner.

Sheet Summary
A2: Banking loan application process
A3: Fictional bank. Synthetic applications submitted January to March 2026. Snapshot: March 31, 2026.
A5: Decision target (calendar days) | B5: 7 | D5: The 7 day target is a project assumption, not a regulatory deadline.
A6: Snapshot date | B6: 46112
A8: Measure | B8: Baseline
A9: Applications | B9: =COUNTA(Applications!$A$5:$A$604) -> 600
A10: Decisioned applications | B10: =SUM(Applications!$L$5:$L$604) -> 505
A11: Open applications | B11: =COUNTIFS(Applications!$K$5:$K$604,"Open") -> 61
A12: Withdrawn applications | B12: =COUNTIFS(Applications!$K$5:$K$604,"Withdrawn") -> 34
A13: Missing documents at intake | B13: =AVERAGE(Applications!$F$5:$F$604) -> 0.34833333
A14: Mean decision days | B14: =AVERAGE(Applications!$M$5:$M$604) -> 8.5425743
A15: Within decision target | B15: =AVERAGE(Applications!$R$5:$R$604) -> 0.42970297
A16: Approval rate of decisions | B16: =COUNTIFS(Applications!$K$5:$K$604,"Approved")/B10 -> 0.72475248
A17: Open cases over target | B17: =COUNTIFS(Applications!$K$5:$K$604,"Open",Applications!$Q$5:$Q$604,">"&B5) -> 8
A20: Channel | B20: Applications | C20: Decisioned | D20: Mean decision days
A21: Branch | B21: =COUNTIFS(Applications!$C$5:$C$604,A21) -> 331 | C21: =SUMIFS(Applications!$L$5:$L$604,Applications!$C$5:$C$604,A21) -> 281 | D21: =SUMIFS(Applications!$M$5:$M$604,Applications!$C$5:$C$604,A21)/C21 -> 9.1352313
A22: Online | B22: =COUNTIFS(Applications!$C$5:$C$604,A22) -> 269 | C22: =SUMIFS(Applications!$L$5:$L$604,Applications!$C$5:$C$604,A22) -> 224 | D22: =SUMIFS(Applications!$M$5:$M$604,Applications!$C$5:$C$604,A22)/C22 -> 7.7991071
A25: Stage | B25: Mean calendar days
A26: Document collection | B26: =AVERAGE(Applications!$N$5:$N$604) -> 2.6059406 | F26: Stage averages use the same 505 decisioned cases. Elapsed time includes waiting and is not staff labor time.
A27: Review queue | B27: =AVERAGE(Applications!$O$5:$O$604) -> 3.9207921
A28: Review to decision | B28: =AVERAGE(Applications!$P$5:$P$604) -> 2.0158416
A31: Intake documents | B31: Applications | C31: Decisioned | D31: Mean decision days | F31: Synthetic associations reflect the generator assumptions. They are not evidence about any real bank or proof of causation.
A32: Complete at intake | B32: =COUNTIFS(Applications!$F$5:$F$604,0) -> 391 | C32: =SUMIFS(Applications!$L$5:$L$604,Applications!$F$5:$F$604,0) -> 353 | D32: =SUMIFS(Applications!$M$5:$M$604,Applications!$F$5:$F$604,0)/C32 -> 6.9660057
A33: Missing at intake | B33: =COUNTIFS(Applications!$F$5:$F$604,1) -> 209 | C33: =SUMIFS(Applications!$L$5:$L$604,Applications!$F$5:$F$604,1) -> 152 | D33: =SUMIFS(Applications!$M$5:$M$604,Applications!$F$5:$F$604,1)/C33 -> 12.203947
A36: Decision times exclude open and withdrawn cases. Open age is reported separately to expose unfinished work.
A38: Refresh: rerun build_data.py and rebuild the workbook. Formulas cover this fixed 600 application snapshot.
A40: Cleaning reconciliation: 612 raw rows, 12 exact duplicates removed, 18 channel labels normalized, 600 unique applications.

Sheet Applications
A2: Clean applications with calculated measures
A4: application_id | B4: submitted_date | C4: channel | D4: branch_id | E4: requested_amount | F4: missing_docs_at_intake | G4: document_ready_date | H4: review_start_date | I4: decision_date | J4: withdrawal_date | K4: status | L4: is_decisioned | M4: decision_days | N4: document_days | O4: queue_days | P4: review_days | Q4: open_age_days | R4: within_target | S4: submission_month
A5: LA0001 | B5: 46040 | C5: Online | D5: DIGITAL | E5: 16000 | F5: 0 | G5: 46042 | H5: 46046 | I5: 46049 | K5: Approved | L5: =IF(OR(K5="Approved",K5="Declined"),1,0) -> 1 | M5: =IF(L5=1,I5-B5,"") -> 9 | N5: =IF(L5=1,G5-B5,"") -> 2 | O5: =IF(L5=1,H5-G5,"") -> 4 | P5: =IF(L5=1,I5-H5,"") -> 3 | Q5: =IF(K5="Open",Summary!$B$6-B5,"") | R5: =IF(L5=1,IF(M5<=Summary!$B$5,1,0),"") -> 0 | S5: =TEXT(B5,"yyyy-mm") -> 2026-01
A6: LA0002 | B6: 46035 | C6: Online | D6: DIGITAL | E6: 15000 | F6: 0 | G6: 46037 | H6: 46039 | I6: 46042 | K6: Approved | L6: =IF(OR(K6="Approved",K6="Declined"),1,0) -> 1 | M6: =IF(L6=1,I6-B6,"") -> 7 | N6: =IF(L6=1,G6-B6,"") -> 2 | O6: =IF(L6=1,H6-G6,"") -> 2 | P6: =IF(L6=1,I6-H6,"") -> 3 | Q6: =IF(K6="Open",Summary!$B$6-B6,"") | R6: =IF(L6=1,IF(M6<=Summary!$B$5,1,0),"") -> 1 | S6: =TEXT(B6,"yyyy-mm") -> 2026-01
A7: LA0003 | B7: 46103 | C7: Online | D7: DIGITAL | E7: 43000 | F7: 0 | G7: 46105 | H7: 46106 | I7: 46109 | K7: Approved | L7: =IF(OR(K7="Approved",K7="Declined"),1,0) -> 1 | M7: =IF(L7=1,I7-B7,"") -> 6 | N7: =IF(L7=1,G7-B7,"") -> 2 | O7: =IF(L7=1,H7-G7,"") -> 1 | P7: =IF(L7=1,I7-H7,"") -> 3 | Q7: =IF(K7="Open",Summary!$B$6-B7,"") | R7: =IF(L7=1,IF(M7<=Summary!$B$5,1,0),"") -> 1 | S7: =TEXT(B7,"yyyy-mm") -> 2026-03
A8: LA0004 | B8: 46083 | C8: Branch | D8: B04 | E8: 12000 | F8: 0 | G8: 46085 | H8: 46088 | I8: 46091 | K8: Approved | L8: =IF(OR(K8="Approved",K8="Declined"),1,0) -> 1 | M8: =IF(L8=1,I8-B8,"") -> 8 | N8: =IF(L8=1,G8-B8,"") -> 2 | O8: =IF(L8=1,H8-G8,"") -> 3 | P8: =IF(L8=1,I8-H8,"") -> 3 | Q8: =IF(K8="Open",Summary!$B$6-B8,"") | R8: =IF(L8=1,IF(M8<=Summary!$B$5,1,0),"") -> 0 | S8: =TEXT(B8,"yyyy-mm") -> 2026-03
A9: LA0005 | B9: 46078 | C9: Online | D9: DIGITAL | E9: 6000 | F9: 0 | G9: 46080 | H9: 46085 | I9: 46086 | K9: Approved | L9: =IF(OR(K9="Approved",K9="Declined"),1,0) -> 1 | M9: =IF(L9=1,I9-B9,"") -> 8 | N9: =IF(L9=1,G9-B9,"") -> 2 | O9: =IF(L9=1,H9-G9,"") -> 5 | P9: =IF(L9=1,I9-H9,"") -> 1 | Q9: =IF(K9="Open",Summary!$B$6-B9,"") | R9: =IF(L9=1,IF(M9<=Summary!$B$5,1,0),"") -> 0 | S9: =TEXT(B9,"yyyy-mm") -> 2026-02
A10: LA0006 | B10: 46083 | C10: Branch | D10: B03 | E10: 38000 | F10: 0 | G10: 46083 | H10: 46087 | I10: 46089 | K10: Declined | L10: =IF(OR(K10="Approved",K10="Declined"),1,0) -> 1 | M10: =IF(L10=1,I10-B10,"") -> 6 | N10: =IF(L10=1,G10-B10,"") -> 0 | O10: =IF(L10=1,H10-G10,"") -> 4 | P10: =IF(L10=1,I10-H10,"") -> 2 | Q10: =IF(K10="Open",Summary!$B$6-B10,"") | R10: =IF(L10=1,IF(M10<=Summary!$B$5,1,0),"") -> 1 | S10: =TEXT(B10,"yyyy-mm") -> 2026-03
A11: LA0007 | B11: 46092 | C11: Branch | D11: B01 | E11: 13000 | F11: 0 | G11: 46093 | H11: 46097 | I11: 46099 | K11: Approved | L11: =IF(OR(K11="Approved",K11="Declined"),1,0) -> 1 | M11: =IF(L11=1,I11-B11,"") -> 7 | N11: =IF(L11=1,G11-B11,"") -> 1 | O11: =IF(L11=1,H11-G11,"") -> 4 | P11: =IF(L11=1,I11-H11,"") -> 2 | Q11: =IF(K11="Open",Summary!$B$6-B11,"") | R11: =IF(L11=1,IF(M11<=Summary!$B$5,1,0),"") -> 1 | S11: =TEXT(B11,"yyyy-mm") -> 2026-03
A12: LA0008 | B12: 46038 | C12: Branch | D12: B03 | E12: 43000 | F12: 0 | G12: 46040 | H12: 46043 | I12: 46045 | K12: Approved | L12: =IF(OR(K12="Approved",K12="Declined"),1,0) -> 1 | M12: =IF(L12=1,I12-B12,"") -> 7 | N12: =IF(L12=1,G12-B12,"") -> 2 | O12: =IF(L12=1,H12-G12,"") -> 3 | P12: =IF(L12=1,I12-H12,"") -> 2 | Q12: =IF(K12="Open",Summary!$B$6-B12,"") | R12: =IF(L12=1,IF(M12<=Summary!$B$5,1,0),"") -> 1 | S12: =TEXT(B12,"yyyy-mm") -> 2026-01
A13: LA0009 | B13: 46103 | C13: Branch | D13: B01 | E13: 29000 | F13: 1 | G13: 46107 | H13: 46110 | I13: 46111 | K13: Declined | L13: =IF(OR(K13="Approved",K13="Declined"),1,0) -> 1 | M13: =IF(L13=1,I13-B13,"") -> 8 | N13: =IF(L13=1,G13-B13,"") -> 4 | O13: =IF(L13=1,H13-G13,"") -> 3 | P13: =IF(L13=1,I13-H13,"") -> 1 | Q13: =IF(K13="Open",Summary!$B$6-B13,"") | R13: =IF(L13=1,IF(M13<=Summary!$B$5,1,0),"") -> 0 | S13: =TEXT(B13,"yyyy-mm") -> 2026-03
A14: LA0010 | B14: 46110 | C14: Online | D14: DIGITAL | E14: 12000 | F14: 0 | G14: 46110 | K14: Open | L14: =IF(OR(K14="Approved",K14="Declined"),1,0) -> 0 | M14: =IF(L14=1,I14-B14,"") | N14: =IF(L14=1,G14-B14,"") | O14: =IF(L14=1,H14-G14,"") | P14: =IF(L14=1,I14-H14,"") | Q14: =IF(K14="Open",Summary!$B$6-B14,"") -> 2 | R14: =IF(L14=1,IF(M14<=Summary!$B$5,1,0),"") | S14: =TEXT(B14,"yyyy-mm") -> 2026-03
A15: LA0011 | B15: 46046 | C15: Branch | D15: B02 | E15: 33000 | F15: 1 | G15: 46056 | H15: 46057 | I15: 46058 | K15: Declined | L15: =IF(OR(K15="Approved",K15="Declined"),1,0) -> 1 | M15: =IF(L15=1,I15-B15,"") -> 12 | N15: =IF(L15=1,G15-B15,"") -> 10 | O15: =IF(L15=1,H15-G15,"") -> 1 | P15: =IF(L15=1,I15-H15,"") -> 1 | Q15: =IF(K15="Open",Summary!$B$6-B15,"") | R15: =IF(L15=1,IF(M15<=Summary!$B$5,1,0),"") -> 0 | S15: =TEXT(B15,"yyyy-mm") -> 2026-01
A16: LA0012 | B16: 46100 | C16: Branch | D16: B04 | E16: 30000 | F16: 0 | G16: 46100 | H16: 46104 | I16: 46106 | K16: Declined | L16: =IF(OR(K16="Approved",K16="Declined"),1,0) -> 1 | M16: =IF(L16=1,I16-B16,"") -> 6 | N16: =IF(L16=1,G16-B16,"") -> 0 | O16: =IF(L16=1,H16-G16,"") -> 4 | P16: =IF(L16=1,I16-H16,"") -> 2 | Q16: =IF(K16="Open",Summary!$B$6-B16,"") | R16: =IF(L16=1,IF(M16<=Summary!$B$5,1,0),"") -> 1 | S16: =TEXT(B16,"yyyy-mm") -> 2026-03
A17: LA0013 | B17: 46078 | C17: Branch | D17: B03 | E17: 30000 | F17: 0 | G17: 46080 | H17: 46086 | I17: 46087 | K17: Approved | L17: =IF(OR(K17="Approved",K17="Declined"),1,0) -> 1 | M17: =IF(L17=1,I17-B17,"") -> 9 | N17: =IF(L17=1,G17-B17,"") -> 2 | O17: =IF(L17=1,H17-G17,"") -> 6 | P17: =IF(L17=1,I17-H17,"") -> 1 | Q17: =IF(K17="Open",Summary!$B$6-B17,"") | R17: =IF(L17=1,IF(M17<=Summary!$B$5,1,0),"") -> 0 | S17: =TEXT(B17,"yyyy-mm") -> 2026-02
A18: LA0014 | B18: 46074 | C18: Online | D18: DIGITAL | E18: 20000 | F18: 0 | G18: 46075 | H18: 46081 | I18: 46082 | K18: Declined | L18: =IF(OR(K18="Approved",K18="Declined"),1,0) -> 1 | M18: =IF(L18=1,I18-B18,"") -> 8 | N18: =IF(L18=1,G18-B18,"") -> 1 | O18: =IF(L18=1,H18-G18,"") -> 6 | P18: =IF(L18=1,I18-H18,"") -> 1 | Q18: =IF(K18="Open",Summary!$B$6-B18,"") | R18: =IF(L18=1,IF(M18<=Summary!$B$5,1,0),"") -> 0 | S18: =TEXT(B18,"yyyy-mm") -> 2026-02
A19: LA0015 | B19: 46049 | C19: Online | D19: DIGITAL | E19: 18000 | F19: 0 | G19: 46050 | H19: 46051 | I19: 46052 | K19: Approved | L19: =IF(OR(K19="Approved",K19="Declined"),1,0) -> 1 | M19: =IF(L19=1,I19-B19,"") -> 3 | N19: =IF(L19=1,G19-B19,"") -> 1 | O19: =IF(L19=1,H19-G19,"") -> 1 | P19: =IF(L19=1,I19-H19,"") -> 1 | Q19: =IF(K19="Open",Summary!$B$6-B19,"") | R19: =IF(L19=1,IF(M19<=Summary!$B$5,1,0),"") -> 1 | S19: =TEXT(B19,"yyyy-mm") -> 2026-01
A20: LA0016 | B20: 46090 | C20: Online | D20: DIGITAL | E20: 16000 | F20: 0 | G20: 46092 | H20: 46097 | I20: 46100 | K20: Approved | L20: =IF(OR(K20="Approved",K20="Declined"),1,0) -> 1 | M20: =IF(L20=1,I20-B20,"") -> 10 | N20: =IF(L20=1,G20-B20,"") -> 2 | O20: =IF(L20=1,H20-G20,"") -> 5 | P20: =IF(L20=1,I20-H20,"") -> 3 | Q20: =IF(K20="Open",Summary!$B$6-B20,"") | R20: =IF(L20=1,IF(M20<=Summary!$B$5,1,0),"") -> 0 | S20: =TEXT(B20,"yyyy-mm") -> 2026-03
A21: LA0017 | B21: 46078 | C21: Online | D21: DIGITAL | E21: 17000 | F21: 0 | G21: 46078 | H21: 46082 | I21: 46083 | K21: Approved | L21: =IF(OR(K21="Approved",K21="Declined"),1,0) -> 1 | M21: =IF(L21=1,I21-B21,"") -> 5 | N21: =IF(L21=1,G21-B21,"") -> 0 | O21: =IF(L21=1,H21-G21,"") -> 4 | P21: =IF(L21=1,I21-H21,"") -> 1 | Q21: =IF(K21="Open",Summary!$B$6-B21,"") | R21: =IF(L21=1,IF(M21<=Summary!$B$5,1,0),"") -> 1 | S21: =TEXT(B21,"yyyy-mm") -> 2026-02
A22: LA0018 | B22: 46036 | C22: Branch | D22: B03 | E22: 33000 | F22: 0 | G22: 46038 | H22: 46046 | I22: 46049 | K22: Approved | L22: =IF(OR(K22="Approved",K22="Declined"),1,0) -> 1 | M22: =IF(L22=1,I22-B22,"") -> 13 | N22: =IF(L22=1,G22-B22,"") -> 2 | O22: =IF(L22=1,H22-G22,"") -> 8 | P22: =IF(L22=1,I22-H22,"") -> 3 | Q22: =IF(K22="Open",Summary!$B$6-B22,"") | R22: =IF(L22=1,IF(M22<=Summary!$B$5,1,0),"") -> 0 | S22: =TEXT(B22,"yyyy-mm") -> 2026-01
A23: LA0019 | B23: 46031 | C23: Online | D23: DIGITAL | E23: 32000 | F23: 1 | G23: 46039 | H23: 46045 | I23: 46047 | K23: Approved | L23: =IF(OR(K23="Approved",K23="Declined"),1,0) -> 1 | M23: =IF(L23=1,I23-B23,"") -> 16 | N23: =IF(L23=1,G23-B23,"") -> 8 | O23: =IF(L23=1,H23-G23,"") -> 6 | P23: =IF(L23=1,I23-H23,"") -> 2 | Q23: =IF(K23="Open",Summary!$B$6-B23,"") | R23: =IF(L23=1,IF(M23<=Summary!$B$5,1,0),"") -> 0 | S23: =TEXT(B23,"yyyy-mm") -> 2026-01
A24: LA0020 | B24: 46093 | C24: Branch | D24: B04 | E24: 5000 | F24: 0 | G24: 46095 | H24: 46097 | I24: 46100 | K24: Approved | L24: =IF(OR(K24="Approved",K24="Declined"),1,0) -> 1 | M24: =IF(L24=1,I24-B24,"") -> 7 | N24: =IF(L24=1,G24-B24,"") -> 2 | O24: =IF(L24=1,H24-G24,"") -> 2 | P24: =IF(L24=1,I24-H24,"") -> 3 | Q24: =IF(K24="Open",Summary!$B$6-B24,"") | R24: =IF(L24=1,IF(M24<=Summary!$B$5,1,0),"") -> 1 | S24: =TEXT(B24,"yyyy-mm") -> 2026-03
A25: LA0021 | B25: 46106 | C25: Branch | D25: B02 | E25: 28000 | F25: 0 | G25: 46107 | H25: 46110 | K25: Open | L25: =IF(OR(K25="Approved",K25="Declined"),1,0) -> 0 | M25: =IF(L25=1,I25-B25,"") | N25: =IF(L25=1,G25-B25,"") | O25: =IF(L25=1,H25-G25,"") | P25: =IF(L25=1,I25-H25,"") | Q25: =IF(K25="Open",Summary!$B$6-B25,"") -> 6 | R25: =IF(L25=1,IF(M25<=Summary!$B$5,1,0),"") | S25: =TEXT(B25,"yyyy-mm") -> 2026-03
A26: LA0022 | B26: 46079 | C26: Online | D26: DIGITAL | E26: 44000 | F26: 0 | G26: 46081 | H26: 46083 | I26: 46085 | K26: Declined | L26: =IF(OR(K26="Approved",K26="Declined"),1,0) -> 1 | M26: =IF(L26=1,I26-B26,"") -> 6 | N26: =IF(L26=1,G26-B26,"") -> 2 | O26: =IF(L26=1,H26-G26,"") -> 2 | P26: =IF(L26=1,I26-H26,"") -> 2 | Q26: =IF(K26="Open",Summary!$B$6-B26,"") | R26: =IF(L26=1,IF(M26<=Summary!$B$5,1,0),"") -> 1 | S26: =TEXT(B26,"yyyy-mm") -> 2026-02
A27: LA0023 | B27: 46101 | C27: Branch | D27: B04 | E27: 6000 | F27: 0 | G27: 46101 | H27: 46105 | I27: 46108 | K27: Approved | L27: =IF(OR(K27="Approved",K27="Declined"),1,0) -> 1 | M27: =IF(L27=1,I27-B27,"") -> 7 | N27: =IF(L27=1,G27-B27,"") -> 0 | O27: =IF(L27=1,H27-G27,"") -> 4 | P27: =IF(L27=1,I27-H27,"") -> 3 | Q27: =IF(K27="Open",Summary!$B$6-B27,"") | R27: =IF(L27=1,IF(M27<=Summary!$B$5,1,0),"") -> 1 | S27: =TEXT(B27,"yyyy-mm") -> 2026-03
A28: LA0024 | B28: 46072 | C28: Online | D28: DIGITAL | E28: 11000 | F28: 0 | G28: 46073 | H28: 46077 | I28: 46079 | K28: Approved | L28: =IF(OR(K28="Approved",K28="Declined"),1,0) -> 1 | M28: =IF(L28=1,I28-B28,"") -> 7 | N28: =IF(L28=1,G28-B28,"") -> 1 | O28: =IF(L28=1,H28-G28,"") -> 4 | P28: =IF(L28=1,I28-H28,"") -> 2 | Q28: =IF(K28="Open",Summary!$B$6-B28,"") | R28: =IF(L28=1,IF(M28<=Summary!$B$5,1,0),"") -> 1 | S28: =TEXT(B28,"yyyy-mm") -> 2026-02
A29: LA0025 | B29: 46069 | C29: Branch | D29: B04 | E29: 29000 | F29: 1 | J29: 46071 | K29: Withdrawn | L29: =IF(OR(K29="Approved",K29="Declined"),1,0) -> 0 | M29: =IF(L29=1,I29-B29,"") | N29: =IF(L29=1,G29-B29,"") | O29: =IF(L29=1,H29-G29,"") | P29: =IF(L29=1,I29-H29,"") | Q29: =IF(K29="Open",Summary!$B$6-B29,"") | R29: =IF(L29=1,IF(M29<=Summary!$B$5,1,0),"") | S29: =TEXT(B29,"yyyy-mm") -> 2026-02
A30: LA0026 | B30: 46036 | C30: Online | D30: DIGITAL | E30: 46000 | F30: 0 | G30: 46038 | H30: 46039 | I30: 46040 | K30: Approved | L30: =IF(OR(K30="Approved",K30="Declined"),1,0) -> 1 | M30: =IF(L30=1,I30-B30,"") -> 4 | N30: =IF(L30=1,G30-B30,"") -> 2 | O30: =IF(L30=1,H30-G30,"") -> 1 | P30: =IF(L30=1,I30-H30,"") -> 1 | Q30: =IF(K30="Open",Summary!$B$6-B30,"") | R30: =IF(L30=1,IF(M30<=Summary!$B$5,1,0),"") -> 1 | S30: =TEXT(B30,"yyyy-mm") -> 2026-01
A31: LA0027 | B31: 46045 | C31: Online | D31: DIGITAL | E31: 12000 | F31: 0 | G31: 46047 | H31: 46053 | I31: 46056 | K31: Declined | L31: =IF(OR(K31="Approved",K31="Declined"),1,0) -> 1 | M31: =IF(L31=1,I31-B31,"") -> 11 | N31: =IF(L31=1,G31-B31,"") -> 2 | O31: =IF(L31=1,H31-G31,"") -> 6 | P31: =IF(L31=1,I31-H31,"") -> 3 | Q31: =IF(K31="Open",Summary!$B$6-B31,"") | R31: =IF(L31=1,IF(M31<=Summary!$B$5,1,0),"") -> 0 | S31: =TEXT(B31,"yyyy-mm") -> 2026-01
A32: LA0028 | B32: 46052 | C32: Online | D32: DIGITAL | E32: 27000 | F32: 0 | G32: 46053 | H32: 46055 | I32: 46057 | K32: Declined | L32: =IF(OR(K32="Approved",K32="Declined"),1,0) -> 1 | M32: =IF(L32=1,I32-B32,"") -> 5 | N32: =IF(L32=1,G32-B32,"") -> 1 | O32: =IF(L32=1,H32-G32,"") -> 2 | P32: =IF(L32=1,I32-H32,"") -> 2 | Q32: =IF(K32="Open",Summary!$B$6-B32,"") | R32: =IF(L32=1,IF(M32<=Summary!$B$5,1,0),"") -> 1 | S32: =TEXT(B32,"yyyy-mm") -> 2026-01
A33: LA0029 | B33: 46073 | C33: Branch | D33: B01 | E33: 11000 | F33: 1 | G33: 46077 | H33: 46082 | I33: 46085 | K33: Approved | L33: =IF(OR(K33="Approved",K33="Declined"),1,0) -> 1 | M33: =IF(L33=1,I33-B33,"") -> 12 | N33: =IF(L33=1,G33-B33,"") -> 4 | O33: =IF(L33=1,H33-G33,"") -> 5 | P33: =IF(L33=1,I33-H33,"") -> 3 | Q33: =IF(K33="Open",Summary!$B$6-B33,"") | R33: =IF(L33=1,IF(M33<=Summary!$B$5,1,0),"") -> 0 | S33: =TEXT(B33,"yyyy-mm") -> 2026-02
A34: LA0030 | B34: 46073 | C34: Branch | D34: B04 | E34: 31000 | F34: 1 | G34: 46076 | H34: 46080 | I34: 46081 | K34: Approved | L34: =IF(OR(K34="Approved",K34="Declined"),1,0) -> 1 | M34: =IF(L34=1,I34-B34,"") -> 8 | N34: =IF(L34=1,G34-B34,"") -> 3 | O34: =IF(L34=1,H34-G34,"") -> 4 | P34: =IF(L34=1,I34-H34,"") -> 1 | Q34: =IF(K34="Open",Summary!$B$6-B34,"") | R34: =IF(L34=1,IF(M34<=Summary!$B$5,1,0),"") -> 0 | S34: =TEXT(B34,"yyyy-mm") -> 2026-02
A35: LA0031 | B35: 46107 | C35: Online | D35: DIGITAL | E35: 24000 | F35: 0 | G35: 46108 | H35: 46112 | K35: Open | L35: =IF(OR(K35="Approved",K35="Declined"),1,0) -> 0 | M35: =IF(L35=1,I35-B35,"") | N35: =IF(L35=1,G35-B35,"") | O35: =IF(L35=1,H35-G35,"") | P35: =IF(L35=1,I35-H35,"") | Q35: =IF(K35="Open",Summary!$B$6-B35,"") -> 5 | R35: =IF(L35=1,IF(M35<=Summary!$B$5,1,0),"") | S35: =TEXT(B35,"yyyy-mm") -> 2026-03
A36: LA0032 | B36: 46040 | C36: Online | D36: DIGITAL | E36: 21000 | F36: 0 | G36: 46040 | H36: 46046 | I36: 46049 | K36: Approved | L36: =IF(OR(K36="Approved",K36="Declined"),1,0) -> 1 | M36: =IF(L36=1,I36-B36,"") -> 9 | N36: =IF(L36=1,G36-B36,"") -> 0 | O36: =IF(L36=1,H36-G36,"") -> 6 | P36: =IF(L36=1,I36-H36,"") -> 3 | Q36: =IF(K36="Open",Summary!$B$6-B36,"") | R36: =IF(L36=1,IF(M36<=Summary!$B$5,1,0),"") -> 0 | S36: =TEXT(B36,"yyyy-mm") -> 2026-01
A37: LA0033 | B37: 46057 | C37: Online | D37: DIGITAL | E37: 14000 | F37: 0 | G37: 46059 | H37: 46062 | I37: 46065 | K37: Declined | L37: =IF(OR(K37="Approved",K37="Declined"),1,0) -> 1 | M37: =IF(L37=1,I37-B37,"") -> 8 | N37: =IF(L37=1,G37-B37,"") -> 2 | O37: =IF(L37=1,H37-G37,"") -> 3 | P37: =IF(L37=1,I37-H37,"") -> 3 | Q37: =IF(K37="Open",Summary!$B$6-B37,"") | R37: =IF(L37=1,IF(M37<=Summary!$B$5,1,0),"") -> 0 | S37: =TEXT(B37,"yyyy-mm") -> 2026-02
A38: LA0034 | B38: 46090 | C38: Online | D38: DIGITAL | E38: 16000 | F38: 0 | G38: 46090 | H38: 46094 | I38: 46097 | K38: Approved | L38: =IF(OR(K38="Approved",K38="Declined"),1,0) -> 1 | M38: =IF(L38=1,I38-B38,"") -> 7 | N38: =IF(L38=1,G38-B38,"") -> 0 | O38: =IF(L38=1,H38-G38,"") -> 4 | P38: =IF(L38=1,I38-H38,"") -> 3 | Q38: =IF(K38="Open",Summary!$B$6-B38,"") | R38: =IF(L38=1,IF(M38<=Summary!$B$5,1,0),"") -> 1 | S38: =TEXT(B38,"yyyy-mm") -> 2026-03
A39: LA0035 | B39: 46112 | C39: Online | D39: DIGITAL | E39: 23000 | F39: 0 | G39: 46112 | K39: Open | L39: =IF(OR(K39="Approved",K39="Declined"),1,0) -> 0 | M39: =IF(L39=1,I39-B39,"") | N39: =IF(L39=1,G39-B39,"") | O39: =IF(L39=1,H39-G39,"") | P39: =IF(L39=1,I39-H39,"") | Q39: =IF(K39="Open",Summary!$B$6-B39,"") -> 0 | R39: =IF(L39=1,IF(M39<=Summary!$B$5,1,0),"") | S39: =TEXT(B39,"yyyy-mm") -> 2026-03
A40: LA0036 | B40: 46093 | C40: Online | D40: DIGITAL | E40: 28000 | F40: 0 | G40: 46094 | H40: 46097 | I40: 46098 | K40: Declined | L40: =IF(OR(K40="Approved",K40="Declined"),1,0) -> 1 | M40: =IF(L40=1,I40-B40,"") -> 5 | N40: =IF(L40=1,G40-B40,"") -> 1 | O40: =IF(L40=1,H40-G40,"") -> 3 | P40: =IF(L40=1,I40-H40,"") -> 1 | Q40: =IF(K40="Open",Summary!$B$6-B40,"") | R40: =IF(L40=1,IF(M40<=Summary!$B$5,1,0),"") -> 1 | S40: =TEXT(B40,"yyyy-mm") -> 2026-03
A41: LA0037 | B41: 46043 | C41: Online | D41: DIGITAL | E41: 14000 | F41: 1 | G41: 46051 | H41: 46054 | I41: 46055 | K41: Approved | L41: =IF(OR(K41="Approved",K41="Declined"),1,0) -> 1 | M41: =IF(L41=1,I41-B41,"") -> 12 | N41: =IF(L41=1,G41-B41,"") -> 8 | O41: =IF(L41=1,H41-G41,"") -> 3 | P41: =IF(L41=1,I41-H41,"") -> 1 | Q41: =IF(K41="Open",Summary!$B$6-B41,"") | R41: =IF(L41=1,IF(M41<=Summary!$B$5,1,0),"") -> 0 | S41: =TEXT(B41,"yyyy-mm") -> 2026-01
A42: LA0038 | B42: 46030 | C42: Branch | D42: B02 | E42: 35000 | F42: 1 | J42: 46032 | K42: Withdrawn | L42: =IF(OR(K42="Approved",K42="Declined"),1,0) -> 0 | M42: =IF(L42=1,I42-B42,"") | N42: =IF(L42=1,G42-B42,"") | O42: =IF(L42=1,H42-G42,"") | P42: =IF(L42=1,I42-H42,"") | Q42: =IF(K42="Open",Summary!$B$6-B42,"") | R42: =IF(L42=1,IF(M42<=Summary!$B$5,1,0),"") | S42: =TEXT(B42,"yyyy-mm") -> 2026-01
A43: LA0039 | B43: 46038 | C43: Branch | D43: B03 | E43: 27000 | F43: 0 | G43: 46040 | H43: 46045 | I43: 46047 | K43: Approved | L43: =IF(OR(K43="Approved",K43="Declined"),1,0) -> 1 | M43: =IF(L43=1,I43-B43,"") -> 9 | N43: =IF(L43=1,G43-B43,"") -> 2 | O43: =IF(L43=1,H43-G43,"") -> 5 | P43: =IF(L43=1,I43-H43,"") -> 2 | Q43: =IF(K43="Open",Summary!$B$6-B43,"") | R43: =IF(L43=1,IF(M43<=Summary!$B$5,1,0),"") -> 0 | S43: =TEXT(B43,"yyyy-mm") -> 2026-01
A44: LA0040 | B44: 46054 | C44: Branch | D44: B03 | E44: 31000 | F44: 0 | G44: 46054 | H44: 46060 | I44: 46062 | K44: Declined | L44: =IF(OR(K44="Approved",K44="Declined"),1,0) -> 1 | M44: =IF(L44=1,I44-B44,"") -> 8 | N44: =IF(L44=1,G44-B44,"") -> 0 | O44: =IF(L44=1,H44-G44,"") -> 6 | P44: =IF(L44=1,I44-H44,"") -> 2 | Q44: =IF(K44="Open",Summary!$B$6-B44,"") | R44: =IF(L44=1,IF(M44<=Summary!$B$5,1,0),"") -> 0 | S44: =TEXT(B44,"yyyy-mm") -> 2026-02
A45: LA0041 | B45: 46039 | C45: Online | D45: DIGITAL | E45: 33000 | F45: 0 | G45: 46040 | H45: 46044 | I45: 46047 | K45: Declined | L45: =IF(OR(K45="Approved",K45="Declined"),1,0) -> 1 | M45: =IF(L45=1,I45-B45,"") -> 8 | N45: =IF(L45=1,G45-B45,"") -> 1 | O45: =IF(L45=1,H45-G45,"") -> 4 | P45: =IF(L45=1,I45-H45,"") -> 3 | Q45: =IF(K45="Open",Summary!$B$6-B45,"") | R45: =IF(L45=1,IF(M45<=Summary!$B$5,1,0),"") -> 0 | S45: =TEXT(B45,"yyyy-mm") -> 2026-01
A46: LA0042 | B46: 46061 | C46: Branch | D46: B04 | E46: 45000 | F46: 1 | G46: 46068 | H46: 46070 | I46: 46073 | K46: Approved | L46: =IF(OR(K46="Approved",K46="Declined"),1,0) -> 1 | M46: =IF(L46=1,I46-B46,"") -> 12 | N46: =IF(L46=1,G46-B46,"") -> 7 | O46: =IF(L46=1,H46-G46,"") -> 2 | P46: =IF(L46=1,I46-H46,"") -> 3 | Q46: =IF(K46="Open",Summary!$B$6-B46,"") | R46: =IF(L46=1,IF(M46<=Summary!$B$5,1,0),"") -> 0 | S46: =TEXT(B46,"yyyy-mm") -> 2026-02
A47: LA0043 | B47: 46055 | C47: Online | D47: DIGITAL | E47: 31000 | F47: 0 | G47: 46057 | H47: 46063 | I47: 46064 | K47: Approved | L47: =IF(OR(K47="Approved",K47="Declined"),1,0) -> 1 | M47: =IF(L47=1,I47-B47,"") -> 9 | N47: =IF(L47=1,G47-B47,"") -> 2 | O47: =IF(L47=1,H47-G47,"") -> 6 | P47: =IF(L47=1,I47-H47,"") -> 1 | Q47: =IF(K47="Open",Summary!$B$6-B47,"") | R47: =IF(L47=1,IF(M47<=Summary!$B$5,1,0),"") -> 0 | S47: =TEXT(B47,"yyyy-mm") -> 2026-02
A48: LA0044 | B48: 46108 | C48: Branch | D48: B03 | E48: 29000 | F48: 0 | G48: 46108 | H48: 46111 | I48: 46112 | K48: Approved | L48: =IF(OR(K48="Approved",K48="Declined"),1,0) -> 1 | M48: =IF(L48=1,I48-B48,"") -> 4 | N48: =IF(L48=1,G48-B48,"") -> 0 | O48: =IF(L48=1,H48-G48,"") -> 3 | P48: =IF(L48=1,I48-H48,"") -> 1 | Q48: =IF(K48="Open",Summary!$B$6-B48,"") | R48: =IF(L48=1,IF(M48<=Summary!$B$5,1,0),"") -> 1 | S48: =TEXT(B48,"yyyy-mm") -> 2026-03
A49: LA0045 | B49: 46056 | C49: Branch | D49: B04 | E49: 19000 | F49: 0 | G49: 46057 | H49: 46062 | I49: 46064 | K49: Approved | L49: =IF(OR(K49="Approved",K49="Declined"),1,0) -> 1 | M49: =IF(L49=1,I49-B49,"") -> 8 | N49: =IF(L49=1,G49-B49,"") -> 1 | O49: =IF(L49=1,H49-G49,"") -> 5 | P49: =IF(L49=1,I49-H49,"") -> 2 | Q49: =IF(K49="Open",Summary!$B$6-B49,"") | R49: =IF(L49=1,IF(M49<=Summary!$B$5,1,0),"") -> 0 | S49: =TEXT(B49,"yyyy-mm") -> 2026-02
A50: LA0046 | B50: 46070 | C50: Online | D50: DIGITAL | E50: 26000 | F50: 0 | G50: 46072 | H50: 46076 | I50: 46077 | K50: Declined | L50: =IF(OR(K50="Approved",K50="Declined"),1,0) -> 1 | M50: =IF(L50=1,I50-B50,"") -> 7 | N50: =IF(L50=1,G50-B50,"") -> 2 | O50: =IF(L50=1,H50-G50,"") -> 4 | P50: =IF(L50=1,I50-H50,"") -> 1 | Q50: =IF(K50="Open",Summary!$B$6-B50,"") | R50: =IF(L50=1,IF(M50<=Summary!$B$5,1,0),"") -> 1 | S50: =TEXT(B50,"yyyy-mm") -> 2026-02
A51: LA0047 | B51: 46053 | C51: Branch | D51: B01 | E51: 34000 | F51: 0 | G51: 46054 | H51: 46055 | I51: 46058 | K51: Approved | L51: =IF(OR(K51="Approved",K51="Declined"),1,0) -> 1 | M51: =IF(L51=1,I51-B51,"") -> 5 | N51: =IF(L51=1,G51-B51,"") -> 1 | O51: =IF(L51=1,H51-G51,"") -> 1 | P51: =IF(L51=1,I51-H51,"") -> 3 | Q51: =IF(K51="Open",Summary!$B$6-B51,"") | R51: =IF(L51=1,IF(M51<=Summary!$B$5,1,0),"") -> 1 | S51: =TEXT(B51,"yyyy-mm") -> 2026-01
A52: LA0048 | B52: 46111 | C52: Online | D52: DIGITAL | E52: 17000 | F52: 0 | G52: 46112 | K52: Open | L52: =IF(OR(K52="Approved",K52="Declined"),1,0) -> 0 | M52: =IF(L52=1,I52-B52,"") | N52: =IF(L52=1,G52-B52,"") | O52: =IF(L52=1,H52-G52,"") | P52: =IF(L52=1,I52-H52,"") | Q52: =IF(K52="Open",Summary!$B$6-B52,"") -> 1 | R52: =IF(L52=1,IF(M52<=Summary!$B$5,1,0),"") | S52: =TEXT(B52,"yyyy-mm") -> 2026-03
A53: LA0049 | B53: 46068 | C53: Online | D53: DIGITAL | E53: 5000 | F53: 0 | G53: 46070 | H53: 46071 | I53: 46073 | K53: Declined | L53: =IF(OR(K53="Approved",K53="Declined"),1,0) -> 1 | M53: =IF(L53=1,I53-B53,"") -> 5 | N53: =IF(L53=1,G53-B53,"") -> 2 | O53: =IF(L53=1,H53-G53,"") -> 1 | P53: =IF(L53=1,I53-H53,"") -> 2 | Q53: =IF(K53="Open",Summary!$B$6-B53,"") | R53: =IF(L53=1,IF(M53<=Summary!$B$5,1,0),"") -> 1 | S53: =TEXT(B53,"yyyy-mm") -> 2026-02
A54: LA0050 | B54: 46025 | C54: Online | D54: DIGITAL | E54: 40000 | F54: 0 | G54: 46025 | H54: 46027 | I54: 46028 | K54: Approved | L54: =IF(OR(K54="Approved",K54="Declined"),1,0) -> 1 | M54: =IF(L54=1,I54-B54,"") -> 3 | N54: =IF(L54=1,G54-B54,"") -> 0 | O54: =IF(L54=1,H54-G54,"") -> 2 | P54: =IF(L54=1,I54-H54,"") -> 1 | Q54: =IF(K54="Open",Summary!$B$6-B54,"") | R54: =IF(L54=1,IF(M54<=Summary!$B$5,1,0),"") -> 1 | S54: =TEXT(B54,"yyyy-mm") -> 2026-01
A55: LA0051 | B55: 46044 | C55: Online | D55: DIGITAL | E55: 18000 | F55: 0 | G55: 46045 | H55: 46051 | I55: 46052 | K55: Approved | L55: =IF(OR(K55="Approved",K55="Declined"),1,0) -> 1 | M55: =IF(L55=1,I55-B55,"") -> 8 | N55: =IF(L55=1,G55-B55,"") -> 1 | O55: =IF(L55=1,H55-G55,"") -> 6 | P55: =IF(L55=1,I55-H55,"") -> 1 | Q55: =IF(K55="Open",Summary!$B$6-B55,"") | R55: =IF(L55=1,IF(M55<=Summary!$B$5,1,0),"") -> 0 | S55: =TEXT(B55,"yyyy-mm") -> 2026-01
A56: LA0052 | B56: 46054 | C56: Online | D56: DIGITAL | E56: 22000 | F56: 0 | G56: 46055 | H56: 46058 | I56: 46059 | K56: Declined | L56: =IF(OR(K56="Approved",K56="Declined"),1,0) -> 1 | M56: =IF(L56=1,I56-B56,"") -> 5 | N56: =IF(L56=1,G56-B56,"") -> 1 | O56: =IF(L56=1,H56-G56,"") -> 3 | P56: =IF(L56=1,I56-H56,"") -> 1 | Q56: =IF(K56="Open",Summary!$B$6-B56,"") | R56: =IF(L56=1,IF(M56<=Summary!$B$5,1,0),"") -> 1 | S56: =TEXT(B56,"yyyy-mm") -> 2026-02
A57: LA0053 | B57: 46102 | C57: Online | D57: DIGITAL | E57: 27000 | F57: 0 | G57: 46103 | H57: 46106 | I57: 46108 | K57: Declined | L57: =IF(OR(K57="Approved",K57="Declined"),1,0) -> 1 | M57: =IF(L57=1,I57-B57,"") -> 6 | N57: =IF(L57=1,G57-B57,"") -> 1 | O57: =IF(L57=1,H57-G57,"") -> 3 | P57: =IF(L57=1,I57-H57,"") -> 2 | Q57: =IF(K57="Open",Summary!$B$6-B57,"") | R57: =IF(L57=1,IF(M57<=Summary!$B$5,1,0),"") -> 1 | S57: =TEXT(B57,"yyyy-mm") -> 2026-03
A58: LA0054 | B58: 46107 | C58: Online | D58: DIGITAL | E58: 43000 | F58: 1 | G58: 46110 | H58: 46111 | K58: Open | L58: =IF(OR(K58="Approved",K58="Declined"),1,0) -> 0 | M58: =IF(L58=1,I58-B58,"") | N58: =IF(L58=1,G58-B58,"") | O58: =IF(L58=1,H58-G58,"") | P58: =IF(L58=1,I58-H58,"") | Q58: =IF(K58="Open",Summary!$B$6-B58,"") -> 5 | R58: =IF(L58=1,IF(M58<=Summary!$B$5,1,0),"") | S58: =TEXT(B58,"yyyy-mm") -> 2026-03
A59: LA0055 | B59: 46061 | C59: Online | D59: DIGITAL | E59: 19000 | F59: 1 | G59: 46066 | H59: 46068 | I59: 46071 | K59: Approved | L59: =IF(OR(K59="Approved",K59="Declined"),1,0) -> 1 | M59: =IF(L59=1,I59-B59,"") -> 10 | N59: =IF(L59=1,G59-B59,"") -> 5 | O59: =IF(L59=1,H59-G59,"") -> 2 | P59: =IF(L59=1,I59-H59,"") -> 3 | Q59: =IF(K59="Open",Summary!$B$6-B59,"") | R59: =IF(L59=1,IF(M59<=Summary!$B$5,1,0),"") -> 0 | S59: =TEXT(B59,"yyyy-mm") -> 2026-02
A60: LA0056 | B60: 46078 | C60: Branch | D60: B04 | E60: 23000 | F60: 1 | G60: 46083 | H60: 46088 | I60: 46089 | K60: Approved | L60: =IF(OR(K60="Approved",K60="Declined"),1,0) -> 1 | M60: =IF(L60=1,I60-B60,"") -> 11 | N60: =IF(L60=1,G60-B60,"") -> 5 | O60: =IF(L60=1,H60-G60,"") -> 5 | P60: =IF(L60=1,I60-H60,"") -> 1 | Q60: =IF(K60="Open",Summary!$B$6-B60,"") | R60: =IF(L60=1,IF(M60<=Summary!$B$5,1,0),"") -> 0 | S60: =TEXT(B60,"yyyy-mm") -> 2026-02
A61: LA0057 | B61: 46047 | C61: Online | D61: DIGITAL | E61: 49000 | F61: 0 | G61: 46047 | H61: 46053 | I61: 46056 | K61: Approved | L61: =IF(OR(K61="Approved",K61="Declined"),1,0) -> 1 | M61: =IF(L61=1,I61-B61,"") -> 9 | N61: =IF(L61=1,G61-B61,"") -> 0 | O61: =IF(L61=1,H61-G61,"") -> 6 | P61: =IF(L61=1,I61-H61,"") -> 3 | Q61: =IF(K61="Open",Summary!$B$6-B61,"") | R61: =IF(L61=1,IF(M61<=Summary!$B$5,1,0),"") -> 0 | S61: =TEXT(B61,"yyyy-mm") -> 2026-01
A62: LA0058 | B62: 46061 | C62: Online | D62: DIGITAL | E62: 39000 | F62: 1 | G62: 46065 | H62: 46068 | I62: 46069 | K62: Approved | L62: =IF(OR(K62="Approved",K62="Declined"),1,0) -> 1 | M62: =IF(L62=1,I62-B62,"") -> 8 | N62: =IF(L62=1,G62-B62,"") -> 4 | O62: =IF(L62=1,H62-G62,"") -> 3 | P62: =IF(L62=1,I62-H62,"") -> 1 | Q62: =IF(K62="Open",Summary!$B$6-B62,"") | R62: =IF(L62=1,IF(M62<=Summary!$B$5,1,0),"") -> 0 | S62: =TEXT(B62,"yyyy-mm") -> 2026-02
A63: LA0059 | B63: 46033 | C63: Branch | D63: B01 | E63: 41000 | F63: 1 | G63: 46038 | H63: 46044 | I63: 46046 | K63: Declined | L63: =IF(OR(K63="Approved",K63="Declined"),1,0) -> 1 | M63: =IF(L63=1,I63-B63,"") -> 13 | N63: =IF(L63=1,G63-B63,"") -> 5 | O63: =IF(L63=1,H63-G63,"") -> 6 | P63: =IF(L63=1,I63-H63,"") -> 2 | Q63: =IF(K63="Open",Summary!$B$6-B63,"") | R63: =IF(L63=1,IF(M63<=Summary!$B$5,1,0),"") -> 0 | S63: =TEXT(B63,"yyyy-mm") -> 2026-01
A64: LA0060 | B64: 46097 | C64: Online | D64: DIGITAL | E64: 46000 | F64: 0 | G64: 46098 | H64: 46103 | I64: 46104 | K64: Approved | L64: =IF(OR(K64="Approved",K64="Declined"),1,0) -> 1 | M64: =IF(L64=1,I64-B64,"") -> 7 | N64: =IF(L64=1,G64-B64,"") -> 1 | O64: =IF(L64=1,H64-G64,"") -> 5 | P64: =IF(L64=1,I64-H64,"") -> 1 | Q64: =IF(K64="Open",Summary!$B$6-B64,"") | R64: =IF(L64=1,IF(M64<=Summary!$B$5,1,0),"") -> 1 | S64: =TEXT(B64,"yyyy-mm") -> 2026-03
A65: LA0061 | B65: 46039 | C65: Branch | D65: B04 | E65: 23000 | F65: 0 | G65: 46039 | H65: 46044 | I65: 46045 | K65: Approved | L65: =IF(OR(K65="Approved",K65="Declined"),1,0) -> 1 | M65: =IF(L65=1,I65-B65,"") -> 6 | N65: =IF(L65=1,G65-B65,"") -> 0 | O65: =IF(L65=1,H65-G65,"") -> 5 | P65: =IF(L65=1,I65-H65,"") -> 1 | Q65: =IF(K65="Open",Summary!$B$6-B65,"") | R65: =IF(L65=1,IF(M65<=Summary!$B$5,1,0),"") -> 1 | S65: =TEXT(B65,"yyyy-mm") -> 2026-01
A66: LA0062 | B66: 46030 | C66: Branch | D66: B04 | E66: 35000 | F66: 0 | G66: 46031 | H66: 46037 | I66: 46040 | K66: Declined | L66: =IF(OR(K66="Approved",K66="Declined"),1,0) -> 1 | M66: =IF(L66=1,I66-B66,"") -> 10 | N66: =IF(L66=1,G66-B66,"") -> 1 | O66: =IF(L66=1,H66-G66,"") -> 6 | P66: =IF(L66=1,I66-H66,"") -> 3 | Q66: =IF(K66="Open",Summary!$B$6-B66,"") | R66: =IF(L66=1,IF(M66<=Summary!$B$5,1,0),"") -> 0 | S66: =TEXT(B66,"yyyy-mm") -> 2026-01
A67: LA0063 | B67: 46079 | C67: Branch | D67: B04 | E67: 11000 | F67: 0 | G67: 46081 | H67: 46087 | I67: 46089 | K67: Approved | L67: =IF(OR(K67="Approved",K67="Declined"),1,0) -> 1 | M67: =IF(L67=1,I67-B67,"") -> 10 | N67: =IF(L67=1,G67-B67,"") -> 2 | O67: =IF(L67=1,H67-G67,"") -> 6 | P67: =IF(L67=1,I67-H67,"") -> 2 | Q67: =IF(K67="Open",Summary!$B$6-B67,"") | R67: =IF(L67=1,IF(M67<=Summary!$B$5,1,0),"") -> 0 | S67: =TEXT(B67,"yyyy-mm") -> 2026-02
A68: LA0064 | B68: 46027 | C68: Branch | D68: B04 | E68: 24000 | F68: 0 | G68: 46029 | H68: 46030 | I68: 46032 | K68: Declined | L68: =IF(OR(K68="Approved",K68="Declined"),1,0) -> 1 | M68: =IF(L68=1,I68-B68,"") -> 5 | N68: =IF(L68=1,G68-B68,"") -> 2 | O68: =IF(L68=1,H68-G68,"") -> 1 | P68: =IF(L68=1,I68-H68,"") -> 2 | Q68: =IF(K68="Open",Summary!$B$6-B68,"") | R68: =IF(L68=1,IF(M68<=Summary!$B$5,1,0),"") -> 1 | S68: =TEXT(B68,"yyyy-mm") -> 2026-01
A69: LA0065 | B69: 46106 | C69: Online | D69: DIGITAL | E69: 30000 | F69: 0 | G69: 46108 | H69: 46111 | K69: Open | L69: =IF(OR(K69="Approved",K69="Declined"),1,0) -> 0 | M69: =IF(L69=1,I69-B69,"") | N69: =IF(L69=1,G69-B69,"") | O69: =IF(L69=1,H69-G69,"") | P69: =IF(L69=1,I69-H69,"") | Q69: =IF(K69="Open",Summary!$B$6-B69,"") -> 6 | R69: =IF(L69=1,IF(M69<=Summary!$B$5,1,0),"") | S69: =TEXT(B69,"yyyy-mm") -> 2026-03
A70: LA0066 | B70: 46110 | C70: Online | D70: DIGITAL | E70: 29000 | F70: 0 | G70: 46112 | K70: Open | L70: =IF(OR(K70="Approved",K70="Declined"),1,0) -> 0 | M70: =IF(L70=1,I70-B70,"") | N70: =IF(L70=1,G70-B70,"") | O70: =IF(L70=1,H70-G70,"") | P70: =IF(L70=1,I70-H70,"") | Q70: =IF(K70="Open",Summary!$B$6-B70,"") -> 2 | R70: =IF(L70=1,IF(M70<=Summary!$B$5,1,0),"") | S70: =TEXT(B70,"yyyy-mm") -> 2026-03
A71: LA0067 | B71: 46108 | C71: Branch | D71: B01 | E71: 35000 | F71: 1 | K71: Open | L71: =IF(OR(K71="Approved",K71="Declined"),1,0) -> 0 | M71: =IF(L71=1,I71-B71,"") | N71: =IF(L71=1,G71-B71,"") | O71: =IF(L71=1,H71-G71,"") | P71: =IF(L71=1,I71-H71,"") | Q71: =IF(K71="Open",Summary!$B$6-B71,"") -> 4 | R71: =IF(L71=1,IF(M71<=Summary!$B$5,1,0),"") | S71: =TEXT(B71,"yyyy-mm") -> 2026-03
A72: LA0068 | B72: 46032 | C72: Online | D72: DIGITAL | E72: 47000 | F72: 0 | G72: 46033 | H72: 46035 | I72: 46038 | K72: Declined | L72: =IF(OR(K72="Approved",K72="Declined"),1,0) -> 1 | M72: =IF(L72=1,I72-B72,"") -> 6 | N72: =IF(L72=1,G72-B72,"") -> 1 | O72: =IF(L72=1,H72-G72,"") -> 2 | P72: =IF(L72=1,I72-H72,"") -> 3 | Q72: =IF(K72="Open",Summary!$B$6-B72,"") | R72: =IF(L72=1,IF(M72<=Summary!$B$5,1,0),"") -> 1 | S72: =TEXT(B72,"yyyy-mm") -> 2026-01
A73: LA0069 | B73: 46093 | C73: Online | D73: DIGITAL | E73: 20000 | F73: 0 | G73: 46093 | H73: 46099 | I73: 46102 | K73: Approved | L73: =IF(OR(K73="Approved",K73="Declined"),1,0) -> 1 | M73: =IF(L73=1,I73-B73,"") -> 9 | N73: =IF(L73=1,G73-B73,"") -> 0 | O73: =IF(L73=1,H73-G73,"") -> 6 | P73: =IF(L73=1,I73-H73,"") -> 3 | Q73: =IF(K73="Open",Summary!$B$6-B73,"") | R73: =IF(L73=1,IF(M73<=Summary!$B$5,1,0),"") -> 0 | S73: =TEXT(B73,"yyyy-mm") -> 2026-03
A74: LA0070 | B74: 46094 | C74: Branch | D74: B03 | E74: 24000 | F74: 1 | G74: 46100 | H74: 46105 | I74: 46108 | K74: Approved | L74: =IF(OR(K74="Approved",K74="Declined"),1,0) -> 1 | M74: =IF(L74=1,I74-B74,"") -> 14 | N74: =IF(L74=1,G74-B74,"") -> 6 | O74: =IF(L74=1,H74-G74,"") -> 5 | P74: =IF(L74=1,I74-H74,"") -> 3 | Q74: =IF(K74="Open",Summary!$B$6-B74,"") | R74: =IF(L74=1,IF(M74<=Summary!$B$5,1,0),"") -> 0 | S74: =TEXT(B74,"yyyy-mm") -> 2026-03
A75: LA0071 | B75: 46090 | C75: Online | D75: DIGITAL | E75: 14000 | F75: 1 | G75: 46093 | H75: 46098 | I75: 46101 | K75: Declined | L75: =IF(OR(K75="Approved",K75="Declined"),1,0) -> 1 | M75: =IF(L75=1,I75-B75,"") -> 11 | N75: =IF(L75=1,G75-B75,"") -> 3 | O75: =IF(L75=1,H75-G75,"") -> 5 | P75: =IF(L75=1,I75-H75,"") -> 3 | Q75: =IF(K75="Open",Summary!$B$6-B75,"") | R75: =IF(L75=1,IF(M75<=Summary!$B$5,1,0),"") -> 0 | S75: =TEXT(B75,"yyyy-mm") -> 2026-03
A76: LA0072 | B76: 46028 | C76: Branch | D76: B04 | E76: 7000 | F76: 1 | G76: 46034 | H76: 46036 | I76: 46037 | K76: Approved | L76: =IF(OR(K76="Approved",K76="Declined"),1,0) -> 1 | M76: =IF(L76=1,I76-B76,"") -> 9 | N76: =IF(L76=1,G76-B76,"") -> 6 | O76: =IF(L76=1,H76-G76,"") -> 2 | P76: =IF(L76=1,I76-H76,"") -> 1 | Q76: =IF(K76="Open",Summary!$B$6-B76,"") | R76: =IF(L76=1,IF(M76<=Summary!$B$5,1,0),"") -> 0 | S76: =TEXT(B76,"yyyy-mm") -> 2026-01
A77: LA0073 | B77: 46062 | C77: Branch | D77: B02 | E77: 40000 | F77: 1 | G77: 46065 | H77: 46069 | I77: 46071 | K77: Approved | L77: =IF(OR(K77="Approved",K77="Declined"),1,0) -> 1 | M77: =IF(L77=1,I77-B77,"") -> 9 | N77: =IF(L77=1,G77-B77,"") -> 3 | O77: =IF(L77=1,H77-G77,"") -> 4 | P77: =IF(L77=1,I77-H77,"") -> 2 | Q77: =IF(K77="Open",Summary!$B$6-B77,"") | R77: =IF(L77=1,IF(M77<=Summary!$B$5,1,0),"") -> 0 | S77: =TEXT(B77,"yyyy-mm") -> 2026-02
A78: LA0074 | B78: 46028 | C78: Online | D78: DIGITAL | E78: 7000 | F78: 0 | G78: 46030 | H78: 46035 | I78: 46037 | K78: Approved | L78: =IF(OR(K78="Approved",K78="Declined"),1,0) -> 1 | M78: =IF(L78=1,I78-B78,"") -> 9 | N78: =IF(L78=1,G78-B78,"") -> 2 | O78: =IF(L78=1,H78-G78,"") -> 5 | P78: =IF(L78=1,I78-H78,"") -> 2 | Q78: =IF(K78="Open",Summary!$B$6-B78,"") | R78: =IF(L78=1,IF(M78<=Summary!$B$5,1,0),"") -> 0 | S78: =TEXT(B78,"yyyy-mm") -> 2026-01
A79: LA0075 | B79: 46081 | C79: Online | D79: DIGITAL | E79: 23000 | F79: 1 | G79: 46086 | H79: 46088 | I79: 46091 | K79: Declined | L79: =IF(OR(K79="Approved",K79="Declined"),1,0) -> 1 | M79: =IF(L79=1,I79-B79,"") -> 10 | N79: =IF(L79=1,G79-B79,"") -> 5 | O79: =IF(L79=1,H79-G79,"") -> 2 | P79: =IF(L79=1,I79-H79,"") -> 3 | Q79: =IF(K79="Open",Summary!$B$6-B79,"") | R79: =IF(L79=1,IF(M79<=Summary!$B$5,1,0),"") -> 0 | S79: =TEXT(B79,"yyyy-mm") -> 2026-02
A80: LA0076 | B80: 46043 | C80: Online | D80: DIGITAL | E80: 33000 | F80: 1 | G80: 46046 | H80: 46051 | I80: 46053 | K80: Approved | L80: =IF(OR(K80="Approved",K80="Declined"),1,0) -> 1 | M80: =IF(L80=1,I80-B80,"") -> 10 | N80: =IF(L80=1,G80-B80,"") -> 3 | O80: =IF(L80=1,H80-G80,"") -> 5 | P80: =IF(L80=1,I80-H80,"") -> 2 | Q80: =IF(K80="Open",Summary!$B$6-B80,"") | R80: =IF(L80=1,IF(M80<=Summary!$B$5,1,0),"") -> 0 | S80: =TEXT(B80,"yyyy-mm") -> 2026-01
A81: LA0077 | B81: 46027 | C81: Branch | D81: B04 | E81: 8000 | F81: 1 | G81: 46030 | H81: 46036 | I81: 46038 | K81: Declined | L81: =IF(OR(K81="Approved",K81="Declined"),1,0) -> 1 | M81: =IF(L81=1,I81-B81,"") -> 11 | N81: =IF(L81=1,G81-B81,"") -> 3 | O81: =IF(L81=1,H81-G81,"") -> 6 | P81: =IF(L81=1,I81-H81,"") -> 2 | Q81: =IF(K81="Open",Summary!$B$6-B81,"") | R81: =IF(L81=1,IF(M81<=Summary!$B$5,1,0),"") -> 0 | S81: =TEXT(B81,"yyyy-mm") -> 2026-01
A82: LA0078 | B82: 46031 | C82: Branch | D82: B03 | E82: 6000 | F82: 1 | G82: 46038 | H82: 46043 | I82: 46044 | K82: Approved | L82: =IF(OR(K82="Approved",K82="Declined"),1,0) -> 1 | M82: =IF(L82=1,I82-B82,"") -> 13 | N82: =IF(L82=1,G82-B82,"") -> 7 | O82: =IF(L82=1,H82-G82,"") -> 5 | P82: =IF(L82=1,I82-H82,"") -> 1 | Q82: =IF(K82="Open",Summary!$B$6-B82,"") | R82: =IF(L82=1,IF(M82<=Summary!$B$5,1,0),"") -> 0 | S82: =TEXT(B82,"yyyy-mm") -> 2026-01
A83: LA0079 | B83: 46082 | C83: Branch | D83: B03 | E83: 20000 | F83: 0 | G83: 46084 | H83: 46089 | I83: 46092 | K83: Approved | L83: =IF(OR(K83="Approved",K83="Declined"),1,0) -> 1 | M83: =IF(L83=1,I83-B83,"") -> 10 | N83: =IF(L83=1,G83-B83,"") -> 2 | O83: =IF(L83=1,H83-G83,"") -> 5 | P83: =IF(L83=1,I83-H83,"") -> 3 | Q83: =IF(K83="Open",Summary!$B$6-B83,"") | R83: =IF(L83=1,IF(M83<=Summary!$B$5,1,0),"") -> 0 | S83: =TEXT(B83,"yyyy-mm") -> 2026-03
A84: LA0080 | B84: 46087 | C84: Branch | D84: B01 | E84: 11000 | F84: 0 | G84: 46089 | H84: 46090 | I84: 46091 | K84: Approved | L84: =IF(OR(K84="Approved",K84="Declined"),1,0) -> 1 | M84: =IF(L84=1,I84-B84,"") -> 4 | N84: =IF(L84=1,G84-B84,"") -> 2 | O84: =IF(L84=1,H84-G84,"") -> 1 | P84: =IF(L84=1,I84-H84,"") -> 1 | Q84: =IF(K84="Open",Summary!$B$6-B84,"") | R84: =IF(L84=1,IF(M84<=Summary!$B$5,1,0),"") -> 1 | S84: =TEXT(B84,"yyyy-mm") -> 2026-03
A85: LA0081 | B85: 46112 | C85: Branch | D85: B03 | E85: 42000 | F85: 0 | K85: Open | L85: =IF(OR(K85="Approved",K85="Declined"),1,0) -> 0 | M85: =IF(L85=1,I85-B85,"") | N85: =IF(L85=1,G85-B85,"") | O85: =IF(L85=1,H85-G85,"") | P85: =IF(L85=1,I85-H85,"") | Q85: =IF(K85="Open",Summary!$B$6-B85,"") -> 0 | R85: =IF(L85=1,IF(M85<=Summary!$B$5,1,0),"") | S85: =TEXT(B85,"yyyy-mm") -> 2026-03
A86: LA0082 | B86: 46084 | C86: Online | D86: DIGITAL | E86: 41000 | F86: 1 | G86: 46094 | H86: 46097 | I86: 46098 | K86: Approved | L86: =IF(OR(K86="Approved",K86="Declined"),1,0) -> 1 | M86: =IF(L86=1,I86-B86,"") -> 14 | N86: =IF(L86=1,G86-B86,"") -> 10 | O86: =IF(L86=1,H86-G86,"") -> 3 | P86: =IF(L86=1,I86-H86,"") -> 1 | Q86: =IF(K86="Open",Summary!$B$6-B86,"") | R86: =IF(L86=1,IF(M86<=Summary!$B$5,1,0),"") -> 0 | S86: =TEXT(B86,"yyyy-mm") -> 2026-03
A87: LA0083 | B87: 46043 | C87: Branch | D87: B03 | E87: 47000 | F87: 0 | G87: 46044 | H87: 46051 | I87: 46053 | K87: Declined | L87: =IF(OR(K87="Approved",K87="Declined"),1,0) -> 1 | M87: =IF(L87=1,I87-B87,"") -> 10 | N87: =IF(L87=1,G87-B87,"") -> 1 | O87: =IF(L87=1,H87-G87,"") -> 7 | P87: =IF(L87=1,I87-H87,"") -> 2 | Q87: =IF(K87="Open",Summary!$B$6-B87,"") | R87: =IF(L87=1,IF(M87<=Summary!$B$5,1,0),"") -> 0 | S87: =TEXT(B87,"yyyy-mm") -> 2026-01
A88: LA0084 | B88: 46073 | C88: Branch | D88: B02 | E88: 28000 | F88: 1 | G88: 46080 | H88: 46085 | I88: 46086 | K88: Declined | L88: =IF(OR(K88="Approved",K88="Declined"),1,0) -> 1 | M88: =IF(L88=1,I88-B88,"") -> 13 | N88: =IF(L88=1,G88-B88,"") -> 7 | O88: =IF(L88=1,H88-G88,"") -> 5 | P88: =IF(L88=1,I88-H88,"") -> 1 | Q88: =IF(K88="Open",Summary!$B$6-B88,"") | R88: =IF(L88=1,IF(M88<=Summary!$B$5,1,0),"") -> 0 | S88: =TEXT(B88,"yyyy-mm") -> 2026-02
A89: LA0085 | B89: 46033 | C89: Branch | D89: B02 | E89: 23000 | F89: 0 | G89: 46034 | H89: 46035 | I89: 46037 | K89: Approved | L89: =IF(OR(K89="Approved",K89="Declined"),1,0) -> 1 | M89: =IF(L89=1,I89-B89,"") -> 4 | N89: =IF(L89=1,G89-B89,"") -> 1 | O89: =IF(L89=1,H89-G89,"") -> 1 | P89: =IF(L89=1,I89-H89,"") -> 2 | Q89: =IF(K89="Open",Summary!$B$6-B89,"") | R89: =IF(L89=1,IF(M89<=Summary!$B$5,1,0),"") -> 1 | S89: =TEXT(B89,"yyyy-mm") -> 2026-01
A90: LA0086 | B90: 46107 | C90: Online | D90: DIGITAL | E90: 6000 | F90: 0 | G90: 46109 | H90: 46111 | I90: 46112 | K90: Approved | L90: =IF(OR(K90="Approved",K90="Declined"),1,0) -> 1 | M90: =IF(L90=1,I90-B90,"") -> 5 | N90: =IF(L90=1,G90-B90,"") -> 2 | O90: =IF(L90=1,H90-G90,"") -> 2 | P90: =IF(L90=1,I90-H90,"") -> 1 | Q90: =IF(K90="Open",Summary!$B$6-B90,"") | R90: =IF(L90=1,IF(M90<=Summary!$B$5,1,0),"") -> 1 | S90: =TEXT(B90,"yyyy-mm") -> 2026-03
A91: LA0087 | B91: 46057 | C91: Online | D91: DIGITAL | E91: 5000 | F91: 0 | G91: 46057 | H91: 46063 | I91: 46066 | K91: Declined | L91: =IF(OR(K91="Approved",K91="Declined"),1,0) -> 1 | M91: =IF(L91=1,I91-B91,"") -> 9 | N91: =IF(L91=1,G91-B91,"") -> 0 | O91: =IF(L91=1,H91-G91,"") -> 6 | P91: =IF(L91=1,I91-H91,"") -> 3 | Q91: =IF(K91="Open",Summary!$B$6-B91,"") | R91: =IF(L91=1,IF(M91<=Summary!$B$5,1,0),"") -> 0 | S91: =TEXT(B91,"yyyy-mm") -> 2026-02
A92: LA0088 | B92: 46099 | C92: Branch | D92: B02 | E92: 26000 | F92: 0 | G92: 46101 | H92: 46107 | I92: 46110 | K92: Approved | L92: =IF(OR(K92="Approved",K92="Declined"),1,0) -> 1 | M92: =IF(L92=1,I92-B92,"") -> 11 | N92: =IF(L92=1,G92-B92,"") -> 2 | O92: =IF(L92=1,H92-G92,"") -> 6 | P92: =IF(L92=1,I92-H92,"") -> 3 | Q92: =IF(K92="Open",Summary!$B$6-B92,"") | R92: =IF(L92=1,IF(M92<=Summary!$B$5,1,0),"") -> 0 | S92: =TEXT(B92,"yyyy-mm") -> 2026-03
A93: LA0089 | B93: 46088 | C93: Online | D93: DIGITAL | E93: 6000 | F93: 0 | G93: 46088 | H93: 46093 | I93: 46096 | K93: Approved | L93: =IF(OR(K93="Approved",K93="Declined"),1,0) -> 1 | M93: =IF(L93=1,I93-B93,"") -> 8 | N93: =IF(L93=1,G93-B93,"") -> 0 | O93: =IF(L93=1,H93-G93,"") -> 5 | P93: =IF(L93=1,I93-H93,"") -> 3 | Q93: =IF(K93="Open",Summary!$B$6-B93,"") | R93: =IF(L93=1,IF(M93<=Summary!$B$5,1,0),"") -> 0 | S93: =TEXT(B93,"yyyy-mm") -> 2026-03
A94: LA0090 | B94: 46112 | C94: Branch | D94: B01 | E94: 19000 | F94: 1 | K94: Open | L94: =IF(OR(K94="Approved",K94="Declined"),1,0) -> 0 | M94: =IF(L94=1,I94-B94,"") | N94: =IF(L94=1,G94-B94,"") | O94: =IF(L94=1,H94-G94,"") | P94: =IF(L94=1,I94-H94,"") | Q94: =IF(K94="Open",Summary!$B$6-B94,"") -> 0 | R94: =IF(L94=1,IF(M94<=Summary!$B$5,1,0),"") | S94: =TEXT(B94,"yyyy-mm") -> 2026-03
A95: LA0091 | B95: 46028 | C95: Branch | D95: B01 | E95: 42000 | F95: 1 | G95: 46033 | H95: 46035 | I95: 46037 | K95: Approved | L95: =IF(OR(K95="Approved",K95="Declined"),1,0) -> 1 | M95: =IF(L95=1,I95-B95,"") -> 9 | N95: =IF(L95=1,G95-B95,"") -> 5 | O95: =IF(L95=1,H95-G95,"") -> 2 | P95: =IF(L95=1,I95-H95,"") -> 2 | Q95: =IF(K95="Open",Summary!$B$6-B95,"") | R95: =IF(L95=1,IF(M95<=Summary!$B$5,1,0),"") -> 0 | S95: =TEXT(B95,"yyyy-mm") -> 2026-01
A96: LA0092 | B96: 46078 | C96: Branch | D96: B03 | E96: 49000 | F96: 0 | G96: 46079 | H96: 46086 | I96: 46088 | K96: Declined | L96: =IF(OR(K96="Approved",K96="Declined"),1,0) -> 1 | M96: =IF(L96=1,I96-B96,"") -> 10 | N96: =IF(L96=1,G96-B96,"") -> 1 | O96: =IF(L96=1,H96-G96,"") -> 7 | P96: =IF(L96=1,I96-H96,"") -> 2 | Q96: =IF(K96="Open",Summary!$B$6-B96,"") | R96: =IF(L96=1,IF(M96<=Summary!$B$5,1,0),"") -> 0 | S96: =TEXT(B96,"yyyy-mm") -> 2026-02
A97: LA0093 | B97: 46059 | C97: Branch | D97: B01 | E97: 13000 | F97: 1 | G97: 46064 | H97: 46065 | I97: 46066 | K97: Approved | L97: =IF(OR(K97="Approved",K97="Declined"),1,0) -> 1 | M97: =IF(L97=1,I97-B97,"") -> 7 | N97: =IF(L97=1,G97-B97,"") -> 5 | O97: =IF(L97=1,H97-G97,"") -> 1 | P97: =IF(L97=1,I97-H97,"") -> 1 | Q97: =IF(K97="Open",Summary!$B$6-B97,"") | R97: =IF(L97=1,IF(M97<=Summary!$B$5,1,0),"") -> 1 | S97: =TEXT(B97,"yyyy-mm") -> 2026-02
A98: LA0094 | B98: 46044 | C98: Branch | D98: B04 | E98: 34000 | F98: 0 | G98: 46044 | H98: 46049 | I98: 46050 | K98: Approved | L98: =IF(OR(K98="Approved",K98="Declined"),1,0) -> 1 | M98: =IF(L98=1,I98-B98,"") -> 6 | N98: =IF(L98=1,G98-B98,"") -> 0 | O98: =IF(L98=1,H98-G98,"") -> 5 | P98: =IF(L98=1,I98-H98,"") -> 1 | Q98: =IF(K98="Open",Summary!$B$6-B98,"") | R98: =IF(L98=1,IF(M98<=Summary!$B$5,1,0),"") -> 1 | S98: =TEXT(B98,"yyyy-mm") -> 2026-01
A99: LA0095 | B99: 46079 | C99: Branch | D99: B02 | E99: 37000 | F99: 1 | J99: 46081 | K99: Withdrawn | L99: =IF(OR(K99="Approved",K99="Declined"),1,0) -> 0 | M99: =IF(L99=1,I99-B99,"") | N99: =IF(L99=1,G99-B99,"") | O99: =IF(L99=1,H99-G99,"") | P99: =IF(L99=1,I99-H99,"") | Q99: =IF(K99="Open",Summary!$B$6-B99,"") | R99: =IF(L99=1,IF(M99<=Summary!$B$5,1,0),"") | S99: =TEXT(B99,"yyyy-mm") -> 2026-02
A100: LA0096 | B100: 46111 | C100: Online | D100: DIGITAL | E100: 17000 | F100: 0 | G100: 46111 | H100: 46112 | K100: Open | L100: =IF(OR(K100="Approved",K100="Declined"),1,0) -> 0 | M100: =IF(L100=1,I100-B100,"") | N100: =IF(L100=1,G100-B100,"") | O100: =IF(L100=1,H100-G100,"") | P100: =IF(L100=1,I100-H100,"") | Q100: =IF(K100="Open",Summary!$B$6-B100,"") -> 1 | R100: =IF(L100=1,IF(M100<=Summary!$B$5,1,0),"") | S100: =TEXT(B100,"yyyy-mm") -> 2026-03
A101: LA0097 | B101: 46104 | C101: Branch | D101: B03 | E101: 12000 | F101: 0 | G101: 46104 | H101: 46110 | K101: Open | L101: =IF(OR(K101="Approved",K101="Declined"),1,0) -> 0 | M101: =IF(L101=1,I101-B101,"") | N101: =IF(L101=1,G101-B101,"") | O101: =IF(L101=1,H101-G101,"") | P101: =IF(L101=1,I101-H101,"") | Q101: =IF(K101="Open",Summary!$B$6-B101,"") -> 8 | R101: =IF(L101=1,IF(M101<=Summary!$B$5,1,0),"") | S101: =TEXT(B101,"yyyy-mm") -> 2026-03
A102: LA0098 | B102: 46037 | C102: Online | D102: DIGITAL | E102: 9000 | F102: 0 | G102: 46038 | H102: 46039 | I102: 46042 | K102: Approved | L102: =IF(OR(K102="Approved",K102="Declined"),1,0) -> 1 | M102: =IF(L102=1,I102-B102,"") -> 5 | N102: =IF(L102=1,G102-B102,"") -> 1 | O102: =IF(L102=1,H102-G102,"") -> 1 | P102: =IF(L102=1,I102-H102,"") -> 3 | Q102: =IF(K102="Open",Summary!$B$6-B102,"") | R102: =IF(L102=1,IF(M102<=Summary!$B$5,1,0),"") -> 1 | S102: =TEXT(B102,"yyyy-mm") -> 2026-01
...

Sheet Raw
A2: Source: deterministic synthetic generator, seed 20261016. No employer or customer data.
A4: application_id | B4: submitted_date | C4: channel | D4: branch_id | E4: requested_amount | F4: missing_docs_at_intake | G4: document_ready_date | H4: review_start_date | I4: decision_date | J4: withdrawal_date | K4: status
A5: LA0001 | B5: 46040 | C5: online | D5: DIGITAL | E5: 16000 | F5: 0 | G5: 46042 | H5: 46046 | I5: 46049 | K5: Approved
A6: LA0002 | B6: 46035 | C6: online | D6: DIGITAL | E6: 15000 | F6: 0 | G6: 46037 | H6: 46039 | I6: 46042 | K6: Approved
A7: LA0003 | B7: 46103 | C7: online | D7: DIGITAL | E7: 43000 | F7: 0 | G7: 46105 | H7: 46106 | I7: 46109 | K7: Approved
A8: LA0004 | B8: 46083 | C8: branch | D8: B04 | E8: 12000 | F8: 0 | G8: 46085 | H8: 46088 | I8: 46091 | K8: Approved
A9: LA0005 | B9: 46078 | C9: online | D9: DIGITAL | E9: 6000 | F9: 0 | G9: 46080 | H9: 46085 | I9: 46086 | K9: Approved
A10: LA0006 | B10: 46083 | C10: branch | D10: B03 | E10: 38000 | F10: 0 | G10: 46083 | H10: 46087 | I10: 46089 | K10: Declined
A11: LA0007 | B11: 46092 | C11: branch | D11: B01 | E11: 13000 | F11: 0 | G11: 46093 | H11: 46097 | I11: 46099 | K11: Approved
A12: LA0008 | B12: 46038 | C12: branch | D12: B03 | E12: 43000 | F12: 0 | G12: 46040 | H12: 46043 | I12: 46045 | K12: Approved
A13: LA0009 | B13: 46103 | C13: branch | D13: B01 | E13: 29000 | F13: 1 | G13: 46107 | H13: 46110 | I13: 46111 | K13: Declined
A14: LA0010 | B14: 46110 | C14: online | D14: DIGITAL | E14: 12000 | F14: 0 | G14: 46110 | K14: Open
A15: LA0011 | B15: 46046 | C15: branch | D15: B02 | E15: 33000 | F15: 1 | G15: 46056 | H15: 46057 | I15: 46058 | K15: Declined
A16: LA0012 | B16: 46100 | C16: branch | D16: B04 | E16: 30000 | F16: 0 | G16: 46100 | H16: 46104 | I16: 46106 | K16: Declined
A17: LA0013 | B17: 46078 | C17: branch | D17: B03 | E17: 30000 | F17: 0 | G17: 46080 | H17: 46086 | I17: 46087 | K17: Approved
A18: LA0014 | B18: 46074 | C18: online | D18: DIGITAL | E18: 20000 | F18: 0 | G18: 46075 | H18: 46081 | I18: 46082 | K18: Declined
A19: LA0015 | B19: 46049 | C19: online | D19: DIGITAL | E19: 18000 | F19: 0 | G19: 46050 | H19: 46051 | I19: 46052 | K19: Approved
A20: LA0016 | B20: 46090 | C20: online | D20: DIGITAL | E20: 16000 | F20: 0 | G20: 46092 | H20: 46097 | I20: 46100 | K20: Approved
A21: LA0017 | B21: 46078 | C21: online | D21: DIGITAL | E21: 17000 | F21: 0 | G21: 46078 | H21: 46082 | I21: 46083 | K21: Approved
A22: LA0018 | B22: 46036 | C22: branch | D22: B03 | E22: 33000 | F22: 0 | G22: 46038 | H22: 46046 | I22: 46049 | K22: Approved
A23: LA0019 | B23: 46031 | C23: Online | D23: DIGITAL | E23: 32000 | F23: 1 | G23: 46039 | H23: 46045 | I23: 46047 | K23: Approved
A24: LA0020 | B24: 46093 | C24: Branch | D24: B04 | E24: 5000 | F24: 0 | G24: 46095 | H24: 46097 | I24: 46100 | K24: Approved
A25: LA0021 | B25: 46106 | C25: Branch | D25: B02 | E25: 28000 | F25: 0 | G25: 46107 | H25: 46110 | K25: Open
A26: LA0022 | B26: 46079 | C26: Online | D26: DIGITAL | E26: 44000 | F26: 0 | G26: 46081 | H26: 46083 | I26: 46085 | K26: Declined
A27: LA0023 | B27: 46101 | C27: Branch | D27: B04 | E27: 6000 | F27: 0 | G27: 46101 | H27: 46105 | I27: 46108 | K27: Approved
A28: LA0024 | B28: 46072 | C28: Online | D28: DIGITAL | E28: 11000 | F28: 0 | G28: 46073 | H28: 46077 | I28: 46079 | K28: Approved
A29: LA0025 | B29: 46069 | C29: Branch | D29: B04 | E29: 29000 | F29: 1 | J29: 46071 | K29: Withdrawn
A30: LA0026 | B30: 46036 | C30: Online | D30: DIGITAL | E30: 46000 | F30: 0 | G30: 46038 | H30: 46039 | I30: 46040 | K30: Approved
A31: LA0027 | B31: 46045 | C31: Online | D31: DIGITAL | E31: 12000 | F31: 0 | G31: 46047 | H31: 46053 | I31: 46056 | K31: Declined
A32: LA0028 | B32: 46052 | C32: Online | D32: DIGITAL | E32: 27000 | F32: 0 | G32: 46053 | H32: 46055 | I32: 46057 | K32: Declined
A33: LA0029 | B33: 46073 | C33: Branch | D33: B01 | E33: 11000 | F33: 1 | G33: 46077 | H33: 46082 | I33: 46085 | K33: Approved
A34: LA0030 | B34: 46073 | C34: Branch | D34: B04 | E34: 31000 | F34: 1 | G34: 46076 | H34: 46080 | I34: 46081 | K34: Approved
A35: LA0031 | B35: 46107 | C35: Online | D35: DIGITAL | E35: 24000 | F35: 0 | G35: 46108 | H35: 46112 | K35: Open
A36: LA0032 | B36: 46040 | C36: Online | D36: DIGITAL | E36: 21000 | F36: 0 | G36: 46040 | H36: 46046 | I36: 46049 | K36: Approved
A37: LA0033 | B37: 46057 | C37: Online | D37: DIGITAL | E37: 14000 | F37: 0 | G37: 46059 | H37: 46062 | I37: 46065 | K37: Declined
A38: LA0034 | B38: 46090 | C38: Online | D38: DIGITAL | E38: 16000 | F38: 0 | G38: 46090 | H38: 46094 | I38: 46097 | K38: Approved
A39: LA0035 | B39: 46112 | C39: Online | D39: DIGITAL | E39: 23000 | F39: 0 | G39: 46112 | K39: Open
A40: LA0036 | B40: 46093 | C40: Online | D40: DIGITAL | E40: 28000 | F40: 0 | G40: 46094 | H40: 46097 | I40: 46098 | K40: Declined
A41: LA0037 | B41: 46043 | C41: Online | D41: DIGITAL | E41: 14000 | F41: 1 | G41: 46051 | H41: 46054 | I41: 46055 | K41: Approved
A42: LA0038 | B42: 46030 | C42: Branch | D42: B02 | E42: 35000 | F42: 1 | J42: 46032 | K42: Withdrawn
A43: LA0039 | B43: 46038 | C43: Branch | D43: B03 | E43: 27000 | F43: 0 | G43: 46040 | H43: 46045 | I43: 46047 | K43: Approved
A44: LA0040 | B44: 46054 | C44: Branch | D44: B03 | E44: 31000 | F44: 0 | G44: 46054 | H44: 46060 | I44: 46062 | K44: Declined
A45: LA0041 | B45: 46039 | C45: Online | D45: DIGITAL | E45: 33000 | F45: 0 | G45: 46040 | H45: 46044 | I45: 46047 | K45: Declined
A46: LA0042 | B46: 46061 | C46: Branch | D46: B04 | E46: 45000 | F46: 1 | G46: 46068 | H46: 46070 | I46: 46073 | K46: Approved
A47: LA0043 | B47: 46055 | C47: Online | D47: DIGITAL | E47: 31000 | F47: 0 | G47: 46057 | H47: 46063 | I47: 46064 | K47: Approved
A48: LA0044 | B48: 46108 | C48: Branch | D48: B03 | E48: 29000 | F48: 0 | G48: 46108 | H48: 46111 | I48: 46112 | K48: Approved
A49: LA0045 | B49: 46056 | C49: Branch | D49: B04 | E49: 19000 | F49: 0 | G49: 46057 | H49: 46062 | I49: 46064 | K49: Approved
A50: LA0046 | B50: 46070 | C50: Online | D50: DIGITAL | E50: 26000 | F50: 0 | G50: 46072 | H50: 46076 | I50: 46077 | K50: Declined
A51: LA0047 | B51: 46053 | C51: Branch | D51: B01 | E51: 34000 | F51: 0 | G51: 46054 | H51: 46055 | I51: 46058 | K51: Approved
A52: LA0048 | B52: 46111 | C52: Online | D52: DIGITAL | E52: 17000 | F52: 0 | G52: 46112 | K52: Open
A53: LA0049 | B53: 46068 | C53: Online | D53: DIGITAL | E53: 5000 | F53: 0 | G53: 46070 | H53: 46071 | I53: 46073 | K53: Declined
A54: LA0050 | B54: 46025 | C54: Online | D54: DIGITAL | E54: 40000 | F54: 0 | G54: 46025 | H54: 46027 | I54: 46028 | K54: Approved
A55: LA0051 | B55: 46044 | C55: Online | D55: DIGITAL | E55: 18000 | F55: 0 | G55: 46045 | H55: 46051 | I55: 46052 | K55: Approved
A56: LA0052 | B56: 46054 | C56: Online | D56: DIGITAL | E56: 22000 | F56: 0 | G56: 46055 | H56: 46058 | I56: 46059 | K56: Declined
A57: LA0053 | B57: 46102 | C57: Online | D57: DIGITAL | E57: 27000 | F57: 0 | G57: 46103 | H57: 46106 | I57: 46108 | K57: Declined
A58: LA0054 | B58: 46107 | C58: Online | D58: DIGITAL | E58: 43000 | F58: 1 | G58: 46110 | H58: 46111 | K58: Open
A59: LA0055 | B59: 46061 | C59: Online | D59: DIGITAL | E59: 19000 | F59: 1 | G59: 46066 | H59: 46068 | I59: 46071 | K59: Approved
A60: LA0056 | B60: 46078 | C60: Branch | D60: B04 | E60: 23000 | F60: 1 | G60: 46083 | H60: 46088 | I60: 46089 | K60: Approved
A61: LA0057 | B61: 46047 | C61: Online | D61: DIGITAL | E61: 49000 | F61: 0 | G61: 46047 | H61: 46053 | I61: 46056 | K61: Approved
A62: LA0058 | B62: 46061 | C62: Online | D62: DIGITAL | E62: 39000 | F62: 1 | G62: 46065 | H62: 46068 | I62: 46069 | K62: Approved
A63: LA0059 | B63: 46033 | C63: Branch | D63: B01 | E63: 41000 | F63: 1 | G63: 46038 | H63: 46044 | I63: 46046 | K63: Declined
A64: LA0060 | B64: 46097 | C64: Online | D64: DIGITAL | E64: 46000 | F64: 0 | G64: 46098 | H64: 46103 | I64: 46104 | K64: Approved
A65: LA0061 | B65: 46039 | C65: Branch | D65: B04 | E65: 23000 | F65: 0 | G65: 46039 | H65: 46044 | I65: 46045 | K65: Approved
A66: LA0062 | B66: 46030 | C66: Branch | D66: B04 | E66: 35000 | F66: 0 | G66: 46031 | H66: 46037 | I66: 46040 | K66: Declined
A67: LA0063 | B67: 46079 | C67: Branch | D67: B04 | E67: 11000 | F67: 0 | G67: 46081 | H67: 46087 | I67: 46089 | K67: Approved
A68: LA0064 | B68: 46027 | C68: Branch | D68: B04 | E68: 24000 | F68: 0 | G68: 46029 | H68: 46030 | I68: 46032 | K68: Declined
A69: LA0065 | B69: 46106 | C69: Online | D69: DIGITAL | E69: 30000 | F69: 0 | G69: 46108 | H69: 46111 | K69: Open
A70: LA0066 | B70: 46110 | C70: Online | D70: DIGITAL | E70: 29000 | F70: 0 | G70: 46112 | K70: Open
A71: LA0067 | B71: 46108 | C71: Branch | D71: B01 | E71: 35000 | F71: 1 | K71: Open
A72: LA0068 | B72: 46032 | C72: Online | D72: DIGITAL | E72: 47000 | F72: 0 | G72: 46033 | H72: 46035 | I72: 46038 | K72: Declined
A73: LA0069 | B73: 46093 | C73: Online | D73: DIGITAL | E73: 20000 | F73: 0 | G73: 46093 | H73: 46099 | I73: 46102 | K73: Approved
A74: LA0070 | B74: 46094 | C74: Branch | D74: B03 | E74: 24000 | F74: 1 | G74: 46100 | H74: 46105 | I74: 46108 | K74: Approved
A75: LA0071 | B75: 46090 | C75: Online | D75: DIGITAL | E75: 14000 | F75: 1 | G75: 46093 | H75: 46098 | I75: 46101 | K75: Declined
A76: LA0072 | B76: 46028 | C76: Branch | D76: B04 | E76: 7000 | F76: 1 | G76: 46034 | H76: 46036 | I76: 46037 | K76: Approved
A77: LA0073 | B77: 46062 | C77: Branch | D77: B02 | E77: 40000 | F77: 1 | G77: 46065 | H77: 46069 | I77: 46071 | K77: Approved
A78: LA0074 | B78: 46028 | C78: Online | D78: DIGITAL | E78: 7000 | F78: 0 | G78: 46030 | H78: 46035 | I78: 46037 | K78: Approved
A79: LA0075 | B79: 46081 | C79: Online | D79: DIGITAL | E79: 23000 | F79: 1 | G79: 46086 | H79: 46088 | I79: 46091 | K79: Declined
A80: LA0076 | B80: 46043 | C80: Online | D80: DIGITAL | E80: 33000 | F80: 1 | G80: 46046 | H80: 46051 | I80: 46053 | K80: Approved
A81: LA0077 | B81: 46027 | C81: Branch | D81: B04 | E81: 8000 | F81: 1 | G81: 46030 | H81: 46036 | I81: 46038 | K81: Declined
A82: LA0078 | B82: 46031 | C82: Branch | D82: B03 | E82: 6000 | F82: 1 | G82: 46038 | H82: 46043 | I82: 46044 | K82: Approved
A83: LA0079 | B83: 46082 | C83: Branch | D83: B03 | E83: 20000 | F83: 0 | G83: 46084 | H83: 46089 | I83: 46092 | K83: Approved
A84: LA0080 | B84: 46087 | C84: Branch | D84: B01 | E84: 11000 | F84: 0 | G84: 46089 | H84: 46090 | I84: 46091 | K84: Approved
A85: LA0081 | B85: 46112 | C85: Branch | D85: B03 | E85: 42000 | F85: 0 | K85: Open
A86: LA0082 | B86: 46084 | C86: Online | D86: DIGITAL | E86: 41000 | F86: 1 | G86: 46094 | H86: 46097 | I86: 46098 | K86: Approved
A87: LA0083 | B87: 46043 | C87: Branch | D87: B03 | E87: 47000 | F87: 0 | G87: 46044 | H87: 46051 | I87: 46053 | K87: Declined
A88: LA0084 | B88: 46073 | C88: Branch | D88: B02 | E88: 28000 | F88: 1 | G88: 46080 | H88: 46085 | I88: 46086 | K88: Declined
A89: LA0085 | B89: 46033 | C89: Branch | D89: B02 | E89: 23000 | F89: 0 | G89: 46034 | H89: 46035 | I89: 46037 | K89: Approved
A90: LA0086 | B90: 46107 | C90: Online | D90: DIGITAL | E90: 6000 | F90: 0 | G90: 46109 | H90: 46111 | I90: 46112 | K90: Approved
A91: LA0087 | B91: 46057 | C91: Online | D91: DIGITAL | E91: 5000 | F91: 0 | G91: 46057 | H91: 46063 | I91: 46066 | K91: Declined
A92: LA0088 | B92: 46099 | C92: Branch | D92: B02 | E92: 26000 | F92: 0 | G92: 46101 | H92: 46107 | I92: 46110 | K92: Approved
A93: LA0089 | B93: 46088 | C93: Online | D93: DIGITAL | E93: 6000 | F93: 0 | G93: 46088 | H93: 46093 | I93: 46096 | K93: Approved
A94: LA0090 | B94: 46112 | C94: Branch | D94: B01 | E94: 19000 | F94: 1 | K94: Open
A95: LA0091 | B95: 46028 | C95: Branch | D95: B01 | E95: 42000 | F95: 1 | G95: 46033 | H95: 46035 | I95: 46037 | K95: Approved
A96: LA0092 | B96: 46078 | C96: Branch | D96: B03 | E96: 49000 | F96: 0 | G96: 46079 | H96: 46086 | I96: 46088 | K96: Declined
A97: LA0093 | B97: 46059 | C97: Branch | D97: B01 | E97: 13000 | F97: 1 | G97: 46064 | H97: 46065 | I97: 46066 | K97: Approved
A98: LA0094 | B98: 46044 | C98: Branch | D98: B04 | E98: 34000 | F98: 0 | G98: 46044 | H98: 46049 | I98: 46050 | K98: Approved
A99: LA0095 | B99: 46079 | C99: Branch | D99: B02 | E99: 37000 | F99: 1 | J99: 46081 | K99: Withdrawn
A100: LA0096 | B100: 46111 | C100: Online | D100: DIGITAL | E100: 17000 | F100: 0 | G100: 46111 | H100: 46112 | K100: Open
A101: LA0097 | B101: 46104 | C101: Branch | D101: B03 | E101: 12000 | F101: 0 | G101: 46104 | H101: 46110 | K101: Open
A102: LA0098 | B102: 46037 | C102: Online | D102: DIGITAL | E102: 9000 | F102: 0 | G102: 46038 | H102: 46039 | I102: 46042 | K102: Approved
...

Sheet Dictionary
A2: Field | B2: Meaning | C2: Type | D2: Missing value rule
A3: application_id | B3: Unique fictional application key | C3: Text | D3: Required
A4: submitted_date | B4: Application received, date grain | C4: Date | D4: Required
A5: channel | B5: Branch or Online after normalization | C5: Text | D5: Required
A6: branch_id | B6: B01 to B04 or DIGITAL | C6: Text | D6: Required
A7: requested_amount | B7: Requested principal in USD | C7: Number | D7: Required, positive
A8: missing_docs_at_intake | B8: 1 means documents missing at submission | C8: Integer | D8: Required, 0 or 1
A9: document_ready_date | B9: Document collection completed | C9: Date | D9: Blank if not reached or withdrawn
A10: review_start_date | B10: Underwriter review started | C10: Date | D10: Blank if not reached or withdrawn
A11: decision_date | B11: Approval or decline recorded | C11: Date | D11: Blank for open or withdrawn
A12: withdrawal_date | B12: Applicant withdrew before decision | C12: Date | D12: Only for withdrawn cases
A13: status | B13: Approved, Declined, Open, Withdrawn | C13: Text | D13: Required
... A21: submission_month | B21: Cohort month from submitted date | C21: Text YYYY-MM | D21: Required

Sheet Practice
A1: Document collection days | B1: Review queue days | C1: Underwriting review days | D1: Total decision days | E1: Time check
A2: =Applications!G5-Applications!B5 -> 2 | B2: =Applications!H5-Applications!G5 -> 4 | C2: =Applications!I5-Applications!H5 -> 3 | D2: =Applications!I5-Applications!B5 -> 9 | E2: =IF(SUM(A2:C2)=D2,"Match","Check") -> Match
A5: Average document days | B5: Average queue days | C5: Average review days | D5: Average total days
A6: =AVERAGE(Applications!N5:N604) -> 2.6059406 | B6: =AVERAGE(Applications!O5:O604) -> 3.9207921 | C6: =AVERAGE(Applications!P5:P604) -> 2.0158416 | D6: =AVERAGE(Applications!M5:M604) -> 8.5425743
A8: Queue share of total time
A9: =B6/D6 -> 0.45897079
A11: Branch | B11: Average queue days | C11: Completed decisions
A12: B01 | B12: =AVERAGEIFS(Applications!$O$5:$O$604,Applications!$D$5:$D$604,A12,Applications!$L$5:$L$604,1) -> 3.3846154 | C12: =COUNTIFS(Applications!$D$5:$D$604,A12,Applications!$L$5:$L$604,1) -> 78
A13: B02 | B13: =AVERAGEIFS(Applications!$O$5:$O$604,Applications!$D$5:$D$604,A13,Applications!$L$5:$L$604,1) -> 3.295082 | C13: =COUNTIFS(Applications!$D$5:$D$604,A13,Applications!$L$5:$L$604,1) -> 61
A14: B03 | B14: =AVERAGEIFS(Applications!$O$5:$O$604,Applications!$D$5:$D$604,A14,Applications!$L$5:$L$604,1) -> 5.6805556 | C14: =COUNTIFS(Applications!$D$5:$D$604,A14,Applications!$L$5:$L$604,1) -> 72
A15: B04 | B15: =AVERAGEIFS(Applications!$O$5:$O$604,Applications!$D$5:$D$604,A15,Applications!$L$5:$L$604,1) -> 4.0857143 | C15: =COUNTIFS(Applications!$D$5:$D$604,A15,Applications!$L$5:$L$604,1) -> 70
A18: Missing documents at intake | B18: Average total decision days | C18: Completed decisions
A19: 0 | B19: =AVERAGEIFS(Applications!$M$5:$M$604,Applications!$F$5:$F$604,A19,Applications!$L$5:$L$604,1) -> 6.9660057 | C19: =COUNTIFS(Applications!$F$5:$F$604,A19,Applications!$L$5:$L$604,1) -> 353
A20: 1 | B20: =AVERAGEIFS(Applications!$M$5:$M$604,Applications!$F$5:$F$604,A20,Applications!$L$5:$L$604,1) -> 12.203947 | C20: =COUNTIFS(Applications!$F$5:$F$604,A20,Applications!$L$5:$L$604,1) -> 152
A22: Difference in days | B22: =B20-B19 -> 5.2379417
A24: Decisions within 7 days | B24: =COUNTIFS(Applications!$L$5:$L$604,1,Applications!$M$5:$M$604,"<=7")/COUNTIFS(Applications!$L$5:$L$604,1) -> 0.42970297
A25: Completed decisions | B25: =COUNTIFS(Applications!$L$5:$L$604,1) -> 505
A26: Open applications | B26: =COUNTIFS(Applications!$K$5:$K$604,"Open") -> 61
A27: Withdrawn applications | B27: =COUNTIFS(Applications!$K$5:$K$604,"Withdrawn") -> 34
A28: Open applications older than 7 days | B28: =COUNTIFS(Applications!$K$5:$K$604,"Open",Applications!$Q$5:$Q$604,">7") -> 8
A29: Share of open applications older than 7 days | B29: =B28/B26 -> 0.13114754

Sheet Requirements
A1: Requirement ID | B1: Requirement | C1: Acceptance criterion 1 | D1: Acceptance criterion 2
A2: FR01 | B2: The system must check that all required documents are present before allowing an application into the review queue. | C2: Block the move, display the missing documents, and keep the application in Awaiting documents status. | D2: Allow the application into the review queue and record the document completion date and time.
A3: FR02 | B3: The system must display applications awaiting review in a shared queue with an assigned reviewer and elapsed queue days. | C3: When a document complete application enters the queue, display its application ID, queue entry date, reviewer or Unassigned, and elapsed queue days. Calculate elapsed queue days as the current date minus the queue entry date. | D3: When a loan manager assigns or changes the reviewer, the queue displays the new owner and records who made the change and when.
A4: FR03 | B4: The system must flag active applications older than 7 calendar days since submission for follow up. | C4: At the daily refresh, an active application aged 8 days is flagged. An application aged exactly 7 days is not flagged. | D4: Approved, declined, and withdrawn applications are excluded from the active follow up list. Each flagged application displays its owner or Unassigned.

Sheet UAT_Plan
A1: Test ID | B1: Requirement ID | C1: Scenario and action | D1: Expected result | E1: Test status
A2: UAT01 | B2: FR01 | C2: Try moving an application with one required document missing into review. | D2: Move is blocked, the missing document is listed, and status remains Awaiting documents. | E2: Not run
A3: UAT02 | B3: FR01 | C3: Provide all required documents and move the application into review. | D3: Move is allowed and the document completion date and time are recorded. | E3: Not run
A4: UAT03 | B4: FR02 | C4: View an unassigned application that entered the review queue 3 calendar days ago. | D4: Application appears with its ID, queue entry date, Unassigned label, and 3 elapsed queue days. | E4: Not run
A5: UAT04 | B5: FR02 | C5: As a loan manager, change an application's reviewer from Officer A to Officer B. | D5: Queue displays Officer B and records the manager who made the change and its date and time. | E5: Not run
A6: UAT05 | B6: FR03 | C6: Run the daily refresh for an active application exactly 7 calendar days old. | D6: Application is not flagged. | E6: Not run
A7: UAT06 | B7: FR03 | C7: Run the daily refresh for an active application 8 calendar days old. | D7: Application is flagged and displays its owner or Unassigned. | E7: Not run
A8: UAT07 | B8: FR03 | C8: Run the daily refresh with approved, declined, and withdrawn applications each 8 days old. | D8: All three applications are excluded from the active follow up list. | E8: Not run

Sheet Traceability
A1: Business problem | B1: Supporting finding | C1: Requirement ID | D1: Proposed change | E1: Test IDs
A2: Missing documents | B2: Completed applications with missing documents averaged 12.20 days versus 6.97 without. | C2: FR01 | D2: Check document completeness before entry into review. | E2: UAT01, UAT02
A3: Waiting for review | B3: Average queue time was 3.92 days overall. B03 averaged 5.68 days. | C3: FR02 | D3: Show a shared review queue with ownership and elapsed queue days. | E3: UAT03, UAT04
A4: Applications needing follow up | B4: 8 of 61 open applications were older than 7 days at March 31, 2026. | C4: FR03 | D4: Flag active applications older than 7 calendar days. | E4: UAT05, UAT06, UAT07

Sheet Proposed_Process

Sheet KPI_Plan
A1: KPI | B1: Baseline | C1: Proposed target | D1: How to measure
A2: Average loan decision time | B2: 8.54 calendar days | C2: 7.00 calendar days or less | D2: Average days from submission to decision for approved and declined applications
A3: Average review queue time | B3: 3.92 calendar days | C3: 3.00 calendar days or less | D3: Average days from document completion to review start for approved and declined applications
A4: Applications missing documents at intake | B4: 0.348 | C4: 25.0% or less | D4: Applications missing required documents at initial submission divided by all submitted applications
A5: Decisions completed within 7 days | B5: 0.43 | C5: 60.0% or more | D5: Approved and declined applications decided within 7 calendar days divided by all approved and declined applications
A7: Evaluation plan: Propose a four week pilot using the document checklist, shared review queue and daily follow up flags. Compare the KPIs with the baseline using the same definitions. Also track open applications and their age so unfinished cases are not hidden.
A9: Target assumptions: These are illustrative targets for discussion with stakeholders. They have not been approved or achieved.
A11: Portfolio limitation: No operational pilot was conducted. The baseline comes from synthetic data, and the proposed benefits remain untested.
